-- --------------------------------------------------------
-- Хост:                         127.0.0.1
-- Версия сервера:               5.7.20 - MySQL Community Server (GPL)
-- Операционная система:         Win64
-- HeidiSQL Версия:              9.5.0.5196
-- --------------------------------------------------------

/*!40101 SET @OLD_CHARACTER_SET_CLIENT=@@CHARACTER_SET_CLIENT */;
/*!40101 SET NAMES utf8 */;
/*!50503 SET NAMES utf8mb4 */;
/*!40014 SET @OLD_FOREIGN_KEY_CHECKS=@@FOREIGN_KEY_CHECKS, FOREIGN_KEY_CHECKS=0 */;
/*!40101 SET @OLD_SQL_MODE=@@SQL_MODE, SQL_MODE='NO_AUTO_VALUE_ON_ZERO' */;


-- Дамп структуры базы данных yii_nppk_advanced
CREATE DATABASE IF NOT EXISTS `yii_nppk_advanced` /*!40100 DEFAULT CHARACTER SET utf8 */;
USE `yii_nppk_advanced`;

-- Дамп структуры для таблица yii_nppk_advanced.banners_image
CREATE TABLE IF NOT EXISTS `banners_image` (
  `id` int(11) NOT NULL AUTO_INCREMENT,
  `sort_order` int(3) NOT NULL DEFAULT '0',
  `published` tinyint(1) NOT NULL DEFAULT '1',
  `created_by` int(11) DEFAULT NULL,
  `updated_by` int(11) DEFAULT NULL,
  `image_id` int(11) DEFAULT NULL,
  `created_at` int(11) NOT NULL,
  `updated_at` int(11) NOT NULL,
  PRIMARY KEY (`id`),
  KEY `FK_banners_image_images` (`image_id`),
  KEY `FK_banners_image_users_created` (`created_by`),
  KEY `FK_banners_image_users_updated` (`updated_by`),
  CONSTRAINT `FK_banners_image_images` FOREIGN KEY (`image_id`) REFERENCES `images` (`id`) ON DELETE SET NULL ON UPDATE CASCADE,
  CONSTRAINT `FK_banners_image_users_created` FOREIGN KEY (`created_by`) REFERENCES `users` (`id`) ON DELETE SET NULL ON UPDATE CASCADE,
  CONSTRAINT `FK_banners_image_users_updated` FOREIGN KEY (`updated_by`) REFERENCES `users` (`id`) ON DELETE SET NULL ON UPDATE CASCADE
) ENGINE=InnoDB AUTO_INCREMENT=7 DEFAULT CHARSET=utf8;

-- Дамп данных таблицы yii_nppk_advanced.banners_image: ~6 rows (приблизительно)
/*!40000 ALTER TABLE `banners_image` DISABLE KEYS */;
INSERT INTO `banners_image` (`id`, `sort_order`, `published`, `created_by`, `updated_by`, `image_id`, `created_at`, `updated_at`) VALUES
	(1, 1, 0, 1, NULL, 145, 0, 0),
	(2, 3, 0, 1, NULL, 146, 0, 0),
	(3, 4, 0, 1, NULL, 147, 0, 0),
	(4, 5, 0, 1, NULL, 148, 0, 0),
	(5, 2, 0, 1, NULL, 153, 0, 0),
	(6, 0, 1, 1, NULL, 154, 0, 0);
/*!40000 ALTER TABLE `banners_image` ENABLE KEYS */;

-- Дамп структуры для таблица yii_nppk_advanced.blogs
CREATE TABLE IF NOT EXISTS `blogs` (
  `id` int(11) NOT NULL AUTO_INCREMENT,
  `fixed` tinyint(1) NOT NULL DEFAULT '0',
  `slug` varchar(255) NOT NULL,
  `template` varchar(255) NOT NULL,
  `published` tinyint(1) NOT NULL DEFAULT '1',
  `cut` tinyint(1) NOT NULL DEFAULT '0',
  `created_by` int(11) DEFAULT NULL,
  `updated_by` int(11) DEFAULT NULL,
  `blog_menu_id` int(11) DEFAULT NULL,
  `created_at` int(11) NOT NULL,
  `updated_at` int(11) NOT NULL,
  PRIMARY KEY (`id`),
  UNIQUE KEY `slug` (`slug`),
  KEY `FK_blogs_blogs_menu` (`blog_menu_id`),
  KEY `FK_blogs_users_created` (`created_by`),
  KEY `FK_blogs_users_updated` (`updated_by`),
  CONSTRAINT `FK_blogs_blogs_menu` FOREIGN KEY (`blog_menu_id`) REFERENCES `blogs_menu` (`id`) ON DELETE SET NULL ON UPDATE CASCADE,
  CONSTRAINT `FK_blogs_users_created` FOREIGN KEY (`created_by`) REFERENCES `users` (`id`) ON DELETE SET NULL ON UPDATE CASCADE,
  CONSTRAINT `FK_blogs_users_updated` FOREIGN KEY (`updated_by`) REFERENCES `users` (`id`) ON DELETE SET NULL ON UPDATE CASCADE
) ENGINE=InnoDB AUTO_INCREMENT=26 DEFAULT CHARSET=utf8 COMMENT='Система объявлений';

-- Дамп данных таблицы yii_nppk_advanced.blogs: ~18 rows (приблизительно)
/*!40000 ALTER TABLE `blogs` DISABLE KEYS */;
INSERT INTO `blogs` (`id`, `fixed`, `slug`, `template`, `published`, `cut`, `created_by`, `updated_by`, `blog_menu_id`, `created_at`, `updated_at`) VALUES
	(1, 0, 'admission-campaign', '', 1, 0, 1, 1, 1, 0, 0),
	(2, 0, 'about-college', '', 0, 0, 1, 1, 5, 0, 0),
	(3, 0, 'events', '', 0, 0, 1, 1, 3, 0, 0),
	(4, 0, 'gallery', '', 0, 0, 1, 1, 4, 0, 0),
	(5, 0, 'specialties', '', 0, 0, 1, 1, 2, 0, 0),
	(6, 0, 'the-cost-of-paid-educational-services', '', 0, 0, 1, 1, 6, 0, 0),
	(8, 0, 'students-day', '', 0, 1, 1, 1, 1, 0, 0),
	(11, 0, 'world-skills-russia', '', 0, 1, 1, 1, 1, 0, 0),
	(12, 0, 'our-achievements', '', 0, 0, 1, 1, 7, 0, 0),
	(13, 0, 'huy', '', 1, 0, 1, 1, 1, 0, 0),
	(17, 0, 'specialties-1', '', 1, 0, 1, 1, 2, 0, 0),
	(18, 0, 'events-1', '', 1, 0, 1, 1, 3, 0, 0),
	(19, 0, 'gallery-1', '', 1, 0, 1, 1, 4, 0, 0),
	(20, 0, 'about-college-1', '', 1, 0, 1, 1, 5, 0, 0),
	(22, 0, 'students-day-1', '', 1, 1, 1, 1, 1, 0, 0),
	(23, 1, 'world-skills-russia-1', '', 1, 1, 1, 1, 1, 0, 0),
	(24, 0, 'the-cost-of-paid-educational-services-1', '', 1, 0, 1, 1, 6, 0, 0),
	(25, 0, 'our-achievements-1', '', 1, 0, 1, 1, 7, 0, 0);
/*!40000 ALTER TABLE `blogs` ENABLE KEYS */;

-- Дамп структуры для таблица yii_nppk_advanced.blogs_description
CREATE TABLE IF NOT EXISTS `blogs_description` (
  `blog_id` int(11) NOT NULL,
  `language_id` int(11) NOT NULL,
  `name` varchar(255) DEFAULT NULL,
  `description` text,
  KEY `FK_blogs_description_blogs` (`blog_id`),
  KEY `FK_blogs_description_languages` (`language_id`),
  CONSTRAINT `FK_blogs_description_blogs` FOREIGN KEY (`blog_id`) REFERENCES `blogs` (`id`) ON DELETE CASCADE ON UPDATE CASCADE,
  CONSTRAINT `FK_blogs_description_languages` FOREIGN KEY (`language_id`) REFERENCES `languages` (`id`) ON DELETE CASCADE ON UPDATE CASCADE
) ENGINE=InnoDB DEFAULT CHARSET=utf8;

-- Дамп данных таблицы yii_nppk_advanced.blogs_description: ~34 rows (приблизительно)
/*!40000 ALTER TABLE `blogs_description` DISABLE KEYS */;
INSERT INTO `blogs_description` (`blog_id`, `language_id`, `name`, `description`) VALUES
	(1, 1, 'Приёмная кампания 2017', '&lt;p&gt;&lt;a class=&quot;thumbnail&quot; href=&quot;/data/adverts/priyomnaya-komissiya.jpg&quot;&gt;&lt;img style=&quot;float: left;margin-right: 20px;&quot; src=&quot;/data/adverts/priyomnaya-komissiya.jpg&quot; alt=&quot;Приёмная комиссия&quot; width=&quot;350&quot;&gt;&lt;/a&gt;&lt;/p&gt;\r\n&lt;p align=&quot;center&quot;&gt;&lt;span style=&quot;font-size: 24px;font-family: \'Open Sans\', sans-serif;&quot;&gt;&lt;b&gt;Уважаемые абитуриенты!&lt;/b&gt;&lt;/span&gt;&lt;/p&gt;\r\n&lt;p&gt;&lt;span style=&quot;font-size: 18px;font-family: \'Open Sans\', sans-serif;&quot;&gt;Каждый из вас сейчас стоит перед выбором – куда поступить учиться, с какой профессией связать свое ближайшее будущее. Это очень ответственный выбор. Именно поэтому принятие решения должно быть обдуманным и взвешенным.&lt;/span&gt;&lt;/p&gt;\r\n&lt;p&gt;&lt;span style=&quot;font-size: 18px;font-family: \'Open Sans\', sans-serif;&quot;&gt;Наш колледж, имеет многолетнюю историю и славные традиции. Мы предоставляем своим студентам все возможное для полноценного личностного развития и профессионального роста, проявить себя в спорте и творчестве.&lt;/span&gt;&lt;/p&gt;\r\n&lt;p&gt;&lt;span style=&quot;font-size: 18px;font-family: \'Open Sans\', sans-serif;&quot;&gt;Преподаватели и сотрудники нашего колледжа сделают все, чтобы период учебы запомнился вам не только сложностями, связанными с овладеванием новой профессией, но и оставил в памяти яркие впечатления о студенческих годах как лучшей поре в жизни.&lt;/span&gt;&lt;/p&gt;\r\n&lt;p style=&quot;text-align: right;&quot;&gt;&lt;span style=&quot;font-size: 18px;font-family: \'Open Sans\', sans-serif;&quot;&gt;Приемная комиссия&lt;/span&gt;&lt;/p&gt;'),
	(1, 2, 'Admission campaign 2017', '&lt;p&gt;&lt;a class=&quot;thumbnail&quot; href=&quot;/data/adverts/priyomnaya-komissiya.jpg&quot;&gt;&lt;img style=&quot;float: left;margin-right: 20px;&quot; src=&quot;/data/adverts/priyomnaya-komissiya.jpg&quot; alt=&quot;Приёмная комиссия&quot; width=&quot;350&quot;&gt;&lt;/a&gt;&lt;/p&gt;\r\n&lt;p align=&quot;center&quot;&gt;&lt;span style=&quot;font-size: 24px;font-family: \'Open Sans\', sans-serif;&quot;&gt;&lt;b&gt;Dear entrants! 123&lt;/b&gt;&lt;/span&gt;&lt;/p&gt;\r\n&lt;p&gt;&lt;span style=&quot;font-size: 18px;font-family: \'Open Sans\', sans-serif;&quot;&gt;Each of you now faces a choice - where to go to study, with what profession to associate your near future. This is a very responsible choice. That is why the decision-making must be considered and balanced.&lt;/span&gt;&lt;/p&gt;\r\n&lt;p&gt;&lt;span style=&quot;font-size: 18px;font-family: \'Open Sans\', sans-serif;&quot;&gt;Our college has a long history and glorious traditions. We provide our students with everything possible for full-fledged personal development and professional growth, to manifest themselves in sports and creativity.&lt;/span&gt;&lt;/p&gt;\r\n&lt;p&gt;&lt;span style=&quot;font-size: 18px;font-family: \'Open Sans\', sans-serif;&quot;&gt;Teachers and staff of our college will do their best to make the period of study memorable not only for the difficulties associated with mastering the new profession, but also left vivid impressions of the student years as the best time in life.&lt;/span&gt;&lt;/p&gt;\r\n&lt;p style=&quot;text-align: right;&quot;&gt;&lt;span style=&quot;font-size: 18px;font-family: \'Open Sans\', sans-serif;&quot;&gt;Selection committee&lt;/span&gt;&lt;/p&gt;'),
	(2, 1, 'О колледже', '<p style="font-size: 16px;"><b>Новосибирский профессионально-педагогический колледж основан в 1956 году и на протяжении всего периода ведёт подготовку специалистов, востребованных на рынке труда. Воспитательно-образовательный процесс в колледже осуществляется на русском языке.</b></p>\r\n\r\n<p><b>Тип учреждения:</b> профессиональное образовательное учреждение.</p>\r\n<p><b>Почтовый адрес:</b> 630048, г.Новосибирск, ул.Немировича-Данченко, д.121</p>\r\n<p><i><u>Учереждение является некоммерческой организацией.</u></i></p>\r\n<p><b>Телефон:</b> (383) 314-93-66, 314-93-54</p>\r\n<p><b>Факс:</b> (383) 314-93-66</p>\r\n<p><b>E-mail:</b> <small>ppk54@yandex.ru</small></p>\r\n<p><b>Режим работы:</b></p>\r\n<p>Понедельник-Суббота: 08:00 - 20:00</p>\r\n<p>Воскресение: Выходной</p>\r\n<p><b>Девиз:</b> Качество профессиональной подготовки гарантируем.</p>\r\n<p><b>Миссия:</b> Подготовка конкурентоспособных профессионалов, востребованных временем и обществом.</p>\r\n<p><b>Местоположение:</b></p>\r\n<p><a class="thumbnail" href="/data/adverts/maps.jpg" title="Мы на карте"><img src="/data/adverts/maps.jpg" title="Мы на карте" /></a></p>'),
	(2, 2, 'About college', '<p style="font-size: 16px;"><b>Новосибирский профессионально-педагогический колледж основан в 1956 году и на протяжении всего периода ведёт подготовку специалистов, востребованных на рынке труда. Воспитательно-образовательный процесс в колледже осуществляется на русском языке.</b></p>\r\n\r\n<p><b>Тип учреждения:</b> профессиональное образовательное учреждение.</p>\r\n<p><b>Почтовый адрес:</b> 630048, г.Новосибирск, ул.Немировича-Данченко, д.121</p>\r\n<p><i><u>Учереждение является некоммерческой организацией.</u></i></p>\r\n<p><b>Телефон:</b> (383) 314-93-66, 314-93-54</p>\r\n<p><b>Факс:</b> (383) 314-93-66</p>\r\n<p><b>E-mail:</b> <small>ppk54@yandex.ru</small></p>\r\n<p><b>Режим работы:</b></p>\r\n<p>Понедельник-Суббота: 08:00 - 20:00</p>\r\n<p>Воскресение: Выходной</p>\r\n<p><b>Девиз:</b> Качество профессиональной подготовки гарантируем.</p>\r\n<p><b>Миссия:</b> Подготовка конкурентоспособных профессионалов, востребованных временем и обществом.</p>\r\n<p><b>Местоположение:</b></p>\r\n<p><a class="thumbnail" href="/data/adverts/maps.jpg" title="Мы на карте"><img src="/data/adverts/maps.jpg" title="Мы на карте" /></a></p>'),
	(3, 1, 'Мероприятия', '<h2>Абилимпикс</h2>\r\n\r\n<p>Региональный отборочный этап Национального чемпионата профмастерства среди граждан с инвалидностью «Абилимпикс».</p>\r\n\r\n<p><a href="/data/adverts/DSC_0281.JPG" class="thumbnail" title="Абилимпикс" style="width: 650px;margin: 15px auto;"><img src="/data/adverts/DSC_0281.JPG" title="Абилимпикс" /></a></p>\r\n\r\n<p>Он проводится в целях развития профессионального мастерства граждан с инвалидностью, содействия трудоустройству молодых специалистов с инвалидностью, выявления и поддержки талантливых детей и молодежи из числа граждан с инвалидностью.</p>\r\n\r\n<p>Участие в соревнованиях примут молодые специалисты, признанные в установленном порядке инвалидами, либо имеющие ограниченные возможности здоровья, не более как 5 лет завершившие освоение профессиональных образовательных программ.</p>\r\n\r\n<p><b>Региональный отборочный этап пройдет по 6 компетенциям:</b></p>\r\n\r\n<ul>\r\n	<li>Ремонт и обслуживание автомобилей;</li>\r\n	<li>Малярное дело;</li>\r\n	<li>Фотография;</li>\r\n	<li>Поварское дело;</li>\r\n	<li>Массажист;</li>\r\n	<li>Инженерный дизайн (CAD) САПР.</li>\r\n</ul>\r\n\r\n<p>Победители регионального этапа примут участие во втором Национальном чемпионате «Абилимпикс», который состоится в ноябре этого года.</p>\r\n\r\n<p>Узнать больше о региональном отборочном этапе Национального Чемпионата профессионального мастерства среди граждан с инвалидностью "Абилимпикс"</p>\r\n\r\n<p><b>Абилимпикс</b> — название соревнований по профессиональному мастерству среди инвалидов.</p>\r\n\r\n<p><b>История</b></p>\r\n\r\n<p>Впервые соревнования по профессиональному мастерству среди инвалидов прошли в Японии в 1953 году. Впоследствии эти соревнования стали международными. Соревнования проводятся Международной Федерации Абилимпикс (InternationalAbilympicFederation) с 1972 года и объединяют уже 46 стран.</p>\r\n\r\n<p><b>Абилимпикс в России</b></p>\r\n\r\n<p>C 2014 года соревнования по профессиональному мастерству среди инвалидов проводятся и в России . 1 национальный чемпионат Абилимпикс прошел в 2015 .</p>\r\n\r\n<p>Конкурс проводится в 45 компетенциях для школьников и молодых специалистов, а также в 6 компетенциях для школьников В городах России создаются региональные центры движения Абилимпикс.</p>\r\n\r\n<p>Основной организатор соревнований - Российский государственный социальный университет. В качестве экспертов-работодателей выступают различные организации.</p>'),
	(3, 2, 'Events', '<h2>Абилимпикс</h2>\r\n\r\n<p>Региональный отборочный этап Национального чемпионата профмастерства среди граждан с инвалидностью «Абилимпикс».</p>\r\n\r\n<p><a href="/data/adverts/DSC_0281.JPG" class="thumbnail" title="Абилимпикс" style="width: 650px;margin: 15px auto;"><img src="/data/adverts/DSC_0281.JPG" title="Абилимпикс" /></a></p>\r\n\r\n<p>Он проводится в целях развития профессионального мастерства граждан с инвалидностью, содействия трудоустройству молодых специалистов с инвалидностью, выявления и поддержки талантливых детей и молодежи из числа граждан с инвалидностью.</p>\r\n\r\n<p>Участие в соревнованиях примут молодые специалисты, признанные в установленном порядке инвалидами, либо имеющие ограниченные возможности здоровья, не более как 5 лет завершившие освоение профессиональных образовательных программ.</p>\r\n\r\n<p><b>Региональный отборочный этап пройдет по 6 компетенциям:</b></p>\r\n\r\n<ul>\r\n	<li>Ремонт и обслуживание автомобилей;</li>\r\n	<li>Малярное дело;</li>\r\n	<li>Фотография;</li>\r\n	<li>Поварское дело;</li>\r\n	<li>Массажист;</li>\r\n	<li>Инженерный дизайн (CAD) САПР.</li>\r\n</ul>\r\n\r\n<p>Победители регионального этапа примут участие во втором Национальном чемпионате «Абилимпикс», который состоится в ноябре этого года.</p>\r\n\r\n<p>Узнать больше о региональном отборочном этапе Национального Чемпионата профессионального мастерства среди граждан с инвалидностью "Абилимпикс"</p>\r\n\r\n<p><b>Абилимпикс</b> — название соревнований по профессиональному мастерству среди инвалидов.</p>\r\n\r\n<p><b>История</b></p>\r\n\r\n<p>Впервые соревнования по профессиональному мастерству среди инвалидов прошли в Японии в 1953 году. Впоследствии эти соревнования стали международными. Соревнования проводятся Международной Федерации Абилимпикс (InternationalAbilympicFederation) с 1972 года и объединяют уже 46 стран.</p>\r\n\r\n<p><b>Абилимпикс в России</b></p>\r\n\r\n<p>C 2014 года соревнования по профессиональному мастерству среди инвалидов проводятся и в России . 1 национальный чемпионат Абилимпикс прошел в 2015 .</p>\r\n\r\n<p>Конкурс проводится в 45 компетенциях для школьников и молодых специалистов, а также в 6 компетенциях для школьников В городах России создаются региональные центры движения Абилимпикс.</p>\r\n\r\n<p>Основной организатор соревнований - Российский государственный социальный университет. В качестве экспертов-работодателей выступают различные организации.</p>'),
	(4, 1, 'Галерея', '<div id="gallery" class="flexslider">\r\n  <ul class="slides">\r\n	<li data-thumb="/img/slide1.jpg">\r\n	  <img src="/img/slide1.jpg" />\r\n	</li>\r\n	<li data-thumb="/img/slide2.jpg">\r\n	  <img src="/img/slide2.jpg" />\r\n	</li>\r\n	<li data-thumb="/img/slide3.jpg">\r\n	  <img src="/img/slide3.jpg" />\r\n	</li>\r\n	<li data-thumb="/img/slide4.jpg">\r\n	  <img src="/img/slide4.jpg" />\r\n	</li>\r\n  </ul>\r\n</div>\r\n\r\n<script type="text/javascript">\r\n// Flexslider\r\n  $(\'#gallery.flexslider\').flexslider({\r\n	animation: "slide",\r\n	controlNav: "thumbnails",\r\n	start: function(slider){\r\n	  $(\'body\').removeClass(\'loading\');\r\n	}\r\n  });\r\n</script>'),
	(4, 2, 'Gallery', '<div id="gallery" class="flexslider">\r\n  <ul class="slides">\r\n	<li data-thumb="/img/slide1.jpg">\r\n	  <img src="/img/slide1.jpg" />\r\n	</li>\r\n	<li data-thumb="/img/slide2.jpg">\r\n	  <img src="/img/slide2.jpg" />\r\n	</li>\r\n	<li data-thumb="/img/slide3.jpg">\r\n	  <img src="/img/slide3.jpg" />\r\n	</li>\r\n	<li data-thumb="/img/slide4.jpg">\r\n	  <img src="/img/slide4.jpg" />\r\n	</li>\r\n  </ul>\r\n</div>\r\n\r\n<script type="text/javascript">\r\n// Flexslider\r\n  $(\'#gallery.flexslider\').flexslider({\r\n	animation: "slide",\r\n	controlNav: "thumbnails",\r\n	start: function(slider){\r\n	  $(\'body\').removeClass(\'loading\');\r\n	}\r\n  });\r\n</script>'),
	(5, 1, 'Специальности', '&lt;div class=&quot;panel-group&quot; id=&quot;accordion&quot; role=&quot;tablist&quot; aria-multiselectable=&quot;true&quot;&gt;\r\n  &lt;div class=&quot;panel panel-primary&quot;&gt;\r\n	&lt;div class=&quot;panel-heading&quot; role=&quot;tab&quot; id=&quot;headingOne&quot;&gt;\r\n	  &lt;h4 class=&quot;panel-title&quot;&gt;\r\n		&lt;a role=&quot;button&quot; data-toggle=&quot;collapse&quot; data-parent=&quot;#accordion&quot; href=&quot;#collapseOne&quot; aria-expanded=&quot;false&quot; aria-controls=&quot;collapseOne&quot; class=&quot;collapsed&quot;&gt;\r\n		  Прикладная информатика (по отраслям)\r\n		&lt;/a&gt;\r\n	  &lt;/h4&gt;\r\n	&lt;/div&gt;\r\n	&lt;div id=&quot;collapseOne&quot; class=&quot;panel-collapse collapse&quot; role=&quot;tabpanel&quot; aria-labelledby=&quot;headingOne&quot; aria-expanded=&quot;false&quot;&gt;\r\n	  &lt;div class=&quot;panel-body&quot;&gt;\r\n		Основная профессиональная образовательная программа базовой подготовки специалистов среднего звена специальности 09.02.05 Прикладная информатика (по отраслям) квалификация техник-программист\r\n	  &lt;/div&gt;\r\n	&lt;/div&gt;\r\n  &lt;/div&gt;\r\n  &lt;div class=&quot;panel panel-primary&quot;&gt;\r\n	&lt;div class=&quot;panel-heading&quot; role=&quot;tab&quot; id=&quot;headingTwo&quot;&gt;\r\n	  &lt;h4 class=&quot;panel-title&quot;&gt;\r\n		&lt;a class=&quot;collapsed&quot; role=&quot;button&quot; data-toggle=&quot;collapse&quot; data-parent=&quot;#accordion&quot; href=&quot;#collapseTwo&quot; aria-expanded=&quot;false&quot; aria-controls=&quot;collapseTwo&quot;&gt;\r\n		  Земельно-имущественные отношения\r\n		&lt;/a&gt;\r\n	  &lt;/h4&gt;\r\n	&lt;/div&gt;\r\n	&lt;div id=&quot;collapseTwo&quot; class=&quot;panel-collapse collapse&quot; role=&quot;tabpanel&quot; aria-labelledby=&quot;headingTwo&quot; aria-expanded=&quot;false&quot;&gt;\r\n	  &lt;div class=&quot;panel-body&quot;&gt;\r\n		Основная профессиональная образовательная программа базовой подготовки специалистов среднего звена специальности 21.02.05 Земельно-имущественные отношения квалификация Специалист по земельно-имущественным отношениям\r\n	  &lt;/div&gt;\r\n	&lt;/div&gt;\r\n  &lt;/div&gt;\r\n  &lt;div class=&quot;panel panel-primary&quot;&gt;\r\n	&lt;div class=&quot;panel-heading&quot; role=&quot;tab&quot; id=&quot;heading3&quot;&gt;\r\n	  &lt;h4 class=&quot;panel-title&quot;&gt;\r\n		&lt;a class=&quot;collapsed&quot; role=&quot;button&quot; data-toggle=&quot;collapse&quot; data-parent=&quot;#accordion&quot; href=&quot;#collapse3&quot; aria-expanded=&quot;false&quot; aria-controls=&quot;collapse3&quot;&gt;\r\n		  Информационные системы обеспечения градостроительной деятельности\r\n		&lt;/a&gt;\r\n	  &lt;/h4&gt;\r\n	&lt;/div&gt;\r\n	&lt;div id=&quot;collapse3&quot; class=&quot;panel-collapse collapse&quot; role=&quot;tabpanel&quot; aria-labelledby=&quot;heading3&quot; aria-expanded=&quot;false&quot;&gt;\r\n	  &lt;div class=&quot;panel-body&quot;&gt;\r\n		Основная профессиональная образовательная программа базовой подготовки специалистов среднего звена специальности 21.02.06 Информационные системы обеспечения градостроительной деятельности квалификация техник\r\n	  &lt;/div&gt;\r\n	&lt;/div&gt;\r\n  &lt;/div&gt;\r\n  &lt;div class=&quot;panel panel-primary&quot;&gt;\r\n	&lt;div class=&quot;panel-heading&quot; role=&quot;tab&quot; id=&quot;heading4&quot;&gt;\r\n	  &lt;h4 class=&quot;panel-title&quot;&gt;\r\n		&lt;a class=&quot;collapsed&quot; role=&quot;button&quot; data-toggle=&quot;collapse&quot; data-parent=&quot;#accordion&quot; href=&quot;#collapse4&quot; aria-expanded=&quot;false&quot; aria-controls=&quot;collapse4&quot;&gt;\r\n		  Садово-парковое и ландшафтное строительство\r\n		&lt;/a&gt;\r\n	  &lt;/h4&gt;\r\n	&lt;/div&gt;\r\n	&lt;div id=&quot;collapse4&quot; class=&quot;panel-collapse collapse&quot; role=&quot;tabpanel&quot; aria-labelledby=&quot;heading4&quot; aria-expanded=&quot;false&quot;&gt;\r\n	  &lt;div class=&quot;panel-body&quot;&gt;\r\n		Основная профессиональная образовательная программа базовой подготовки специалистов среднего звена специальности 35.02.12 Садово-парковое и ландшафтное строительство квалификация - техник\r\n	  &lt;/div&gt;\r\n	&lt;/div&gt;\r\n  &lt;/div&gt;\r\n  &lt;div class=&quot;panel panel-primary&quot;&gt;\r\n	&lt;div class=&quot;panel-heading&quot; role=&quot;tab&quot; id=&quot;heading5&quot;&gt;\r\n	  &lt;h4 class=&quot;panel-title&quot;&gt;\r\n	    &lt;a class=&quot;collapsed&quot; role=&quot;button&quot; data-toggle=&quot;collapse&quot; data-parent=&quot;#accordion&quot; href=&quot;#collapse5&quot; aria-expanded=&quot;false&quot; aria-controls=&quot;collapse5&quot;&gt;\r\n		  Профессиональное обучение (по отраслям) - мастер производственного обучения (техник программист)\r\n		&lt;/a&gt;\r\n	  &lt;/h4&gt;\r\n	&lt;/div&gt;\r\n	&lt;div id=&quot;collapse5&quot; class=&quot;panel-collapse collapse&quot; role=&quot;tabpanel&quot; aria-labelledby=&quot;heading5&quot; aria-expanded=&quot;false&quot;&gt;\r\n	  &lt;div class=&quot;panel-body&quot;&gt;\r\n		Основная профессиональная образовательная программа по углубленной подготовке специалистов среднего звена специальности 44.02.06 Профессиональное обучение (по отраслям) квалификация мастер производственного обучения (техник-программист)\r\n	  &lt;/div&gt;\r\n	&lt;/div&gt;\r\n  &lt;/div&gt;\r\n  &lt;div class=&quot;panel panel-primary&quot;&gt;\r\n	&lt;div class=&quot;panel-heading&quot; role=&quot;tab&quot; id=&quot;heading6&quot;&gt;\r\n	  &lt;h4 class=&quot;panel-title&quot;&gt;\r\n		&lt;a class=&quot;collapsed&quot; role=&quot;button&quot; data-toggle=&quot;collapse&quot; data-parent=&quot;#accordion&quot; href=&quot;#collapse6&quot; aria-expanded=&quot;false&quot; aria-controls=&quot;collapse6&quot;&gt;\r\n		  Профессиональное обучение (по отраслям) - Мастер производственного обучения (техник)\r\n		&lt;/a&gt;\r\n	  &lt;/h4&gt;\r\n	&lt;/div&gt;\r\n	&lt;div id=&quot;collapse6&quot; class=&quot;panel-collapse collapse&quot; role=&quot;tabpanel&quot; aria-labelledby=&quot;heading6&quot; aria-expanded=&quot;false&quot;&gt;\r\n	  &lt;div class=&quot;panel-body&quot;&gt;\r\n		Основная профессиональная образовательная программа по углубленной подготовке специалистов среднего звена специальности 44.02.06 Профессиональное обучение (по отраслям) квалификация мастер производственного обучения (техник)\r\n	  &lt;/div&gt;\r\n	&lt;/div&gt;\r\n  &lt;/div&gt;\r\n  &lt;div class=&quot;panel panel-primary&quot;&gt;\r\n	&lt;div class=&quot;panel-heading&quot; role=&quot;tab&quot; id=&quot;heading7&quot;&gt;\r\n	  &lt;h4 class=&quot;panel-title&quot;&gt;\r\n		&lt;a class=&quot;collapsed&quot; role=&quot;button&quot; data-toggle=&quot;collapse&quot; data-parent=&quot;#accordion&quot; href=&quot;#collapse7&quot; aria-expanded=&quot;false&quot; aria-controls=&quot;collapse7&quot;&gt;\r\n		  Право и организация социального обеспечения\r\n		&lt;/a&gt;\r\n	  &lt;/h4&gt;\r\n	&lt;/div&gt;\r\n	&lt;div id=&quot;collapse7&quot; class=&quot;panel-collapse collapse&quot; role=&quot;tabpanel&quot; aria-labelledby=&quot;heading7&quot; aria-expanded=&quot;false&quot;&gt;\r\n	  &lt;div class=&quot;panel-body&quot;&gt;\r\n		Основная профессиональная образовательная программа базовой  подготовки специалистов среднего звена специальности 40.02.01 Право и организация социального обеспечения квалификация  - юрист\r\n	  &lt;/div&gt;\r\n	&lt;/div&gt;\r\n  &lt;/div&gt;\r\n  &lt;div class=&quot;panel panel-primary&quot;&gt;\r\n	&lt;div class=&quot;panel-heading&quot; role=&quot;tab&quot; id=&quot;heading8&quot;&gt;\r\n	  &lt;h4 class=&quot;panel-title&quot;&gt;\r\n		&lt;a class=&quot;collapsed&quot; role=&quot;button&quot; data-toggle=&quot;collapse&quot; data-parent=&quot;#accordion&quot; href=&quot;#collapse8&quot; aria-expanded=&quot;false&quot; aria-controls=&quot;collapse8&quot;&gt;\r\n		  Информационная  безопасность автоматизированных систем\r\n		&lt;/a&gt;\r\n	  &lt;/h4&gt;\r\n	&lt;/div&gt;\r\n	&lt;div id=&quot;collapse8&quot; class=&quot;panel-collapse collapse&quot; role=&quot;tabpanel&quot; aria-labelledby=&quot;heading8&quot; aria-expanded=&quot;false&quot;&gt;\r\n	  &lt;div class=&quot;panel-body&quot;&gt;\r\n		Основная профессиональная образовательная программа базовой  подготовки специалистов среднего звена специальности 10.02.03 Информационная  безопасность автоматизированных систем квалификация  - техник по защите информации\r\n	  &lt;/div&gt;\r\n	&lt;/div&gt;\r\n  &lt;/div&gt;\r\n&lt;/div&gt;'),
	(5, 2, 'Specialties', '&lt;div class=&quot;panel-group&quot; id=&quot;accordion&quot; role=&quot;tablist&quot; aria-multiselectable=&quot;true&quot;&gt;\r\n  &lt;div class=&quot;panel panel-primary&quot;&gt;\r\n	&lt;div class=&quot;panel-heading&quot; role=&quot;tab&quot; id=&quot;headingOne&quot;&gt;\r\n	  &lt;h4 class=&quot;panel-title&quot;&gt;\r\n		&lt;a role=&quot;button&quot; data-toggle=&quot;collapse&quot; data-parent=&quot;#accordion&quot; href=&quot;#collapseOne&quot; aria-expanded=&quot;false&quot; aria-controls=&quot;collapseOne&quot; class=&quot;collapsed&quot;&gt;\r\n		  Прикладная информатика (по отраслям)\r\n		&lt;/a&gt;\r\n	  &lt;/h4&gt;\r\n	&lt;/div&gt;\r\n	&lt;div id=&quot;collapseOne&quot; class=&quot;panel-collapse collapse&quot; role=&quot;tabpanel&quot; aria-labelledby=&quot;headingOne&quot; aria-expanded=&quot;false&quot;&gt;\r\n	  &lt;div class=&quot;panel-body&quot;&gt;\r\n		Основная профессиональная образовательная программа базовой подготовки специалистов среднего звена специальности 09.02.05 Прикладная информатика (по отраслям) квалификация техник-программист\r\n	  &lt;/div&gt;\r\n	&lt;/div&gt;\r\n  &lt;/div&gt;\r\n  &lt;div class=&quot;panel panel-primary&quot;&gt;\r\n	&lt;div class=&quot;panel-heading&quot; role=&quot;tab&quot; id=&quot;headingTwo&quot;&gt;\r\n	  &lt;h4 class=&quot;panel-title&quot;&gt;\r\n		&lt;a class=&quot;collapsed&quot; role=&quot;button&quot; data-toggle=&quot;collapse&quot; data-parent=&quot;#accordion&quot; href=&quot;#collapseTwo&quot; aria-expanded=&quot;false&quot; aria-controls=&quot;collapseTwo&quot;&gt;\r\n		  Земельно-имущественные отношения\r\n		&lt;/a&gt;\r\n	  &lt;/h4&gt;\r\n	&lt;/div&gt;\r\n	&lt;div id=&quot;collapseTwo&quot; class=&quot;panel-collapse collapse&quot; role=&quot;tabpanel&quot; aria-labelledby=&quot;headingTwo&quot; aria-expanded=&quot;false&quot;&gt;\r\n	  &lt;div class=&quot;panel-body&quot;&gt;\r\n		Основная профессиональная образовательная программа базовой подготовки специалистов среднего звена специальности 21.02.05 Земельно-имущественные отношения квалификация Специалист по земельно-имущественным отношениям\r\n	  &lt;/div&gt;\r\n	&lt;/div&gt;\r\n  &lt;/div&gt;\r\n  &lt;div class=&quot;panel panel-primary&quot;&gt;\r\n	&lt;div class=&quot;panel-heading&quot; role=&quot;tab&quot; id=&quot;heading3&quot;&gt;\r\n	  &lt;h4 class=&quot;panel-title&quot;&gt;\r\n		&lt;a class=&quot;collapsed&quot; role=&quot;button&quot; data-toggle=&quot;collapse&quot; data-parent=&quot;#accordion&quot; href=&quot;#collapse3&quot; aria-expanded=&quot;false&quot; aria-controls=&quot;collapse3&quot;&gt;\r\n		  Информационные системы обеспечения градостроительной деятельности\r\n		&lt;/a&gt;\r\n	  &lt;/h4&gt;\r\n	&lt;/div&gt;\r\n	&lt;div id=&quot;collapse3&quot; class=&quot;panel-collapse collapse&quot; role=&quot;tabpanel&quot; aria-labelledby=&quot;heading3&quot; aria-expanded=&quot;false&quot;&gt;\r\n	  &lt;div class=&quot;panel-body&quot;&gt;\r\n		Основная профессиональная образовательная программа базовой подготовки специалистов среднего звена специальности 21.02.06 Информационные системы обеспечения градостроительной деятельности квалификация техник\r\n	  &lt;/div&gt;\r\n	&lt;/div&gt;\r\n  &lt;/div&gt;\r\n  &lt;div class=&quot;panel panel-primary&quot;&gt;\r\n	&lt;div class=&quot;panel-heading&quot; role=&quot;tab&quot; id=&quot;heading4&quot;&gt;\r\n	  &lt;h4 class=&quot;panel-title&quot;&gt;\r\n		&lt;a class=&quot;collapsed&quot; role=&quot;button&quot; data-toggle=&quot;collapse&quot; data-parent=&quot;#accordion&quot; href=&quot;#collapse4&quot; aria-expanded=&quot;false&quot; aria-controls=&quot;collapse4&quot;&gt;\r\n		  Садово-парковое и ландшафтное строительство\r\n		&lt;/a&gt;\r\n	  &lt;/h4&gt;\r\n	&lt;/div&gt;\r\n	&lt;div id=&quot;collapse4&quot; class=&quot;panel-collapse collapse&quot; role=&quot;tabpanel&quot; aria-labelledby=&quot;heading4&quot; aria-expanded=&quot;false&quot;&gt;\r\n	  &lt;div class=&quot;panel-body&quot;&gt;\r\n		Основная профессиональная образовательная программа базовой подготовки специалистов среднего звена специальности 35.02.12 Садово-парковое и ландшафтное строительство квалификация - техник\r\n	  &lt;/div&gt;\r\n	&lt;/div&gt;\r\n  &lt;/div&gt;\r\n  &lt;div class=&quot;panel panel-primary&quot;&gt;\r\n	&lt;div class=&quot;panel-heading&quot; role=&quot;tab&quot; id=&quot;heading5&quot;&gt;\r\n	  &lt;h4 class=&quot;panel-title&quot;&gt;\r\n	    &lt;a class=&quot;collapsed&quot; role=&quot;button&quot; data-toggle=&quot;collapse&quot; data-parent=&quot;#accordion&quot; href=&quot;#collapse5&quot; aria-expanded=&quot;false&quot; aria-controls=&quot;collapse5&quot;&gt;\r\n		  Профессиональное обучение (по отраслям) - мастер производственного обучения (техник программист)\r\n		&lt;/a&gt;\r\n	  &lt;/h4&gt;\r\n	&lt;/div&gt;\r\n	&lt;div id=&quot;collapse5&quot; class=&quot;panel-collapse collapse&quot; role=&quot;tabpanel&quot; aria-labelledby=&quot;heading5&quot; aria-expanded=&quot;false&quot;&gt;\r\n	  &lt;div class=&quot;panel-body&quot;&gt;\r\n		Основная профессиональная образовательная программа по углубленной подготовке специалистов среднего звена специальности 44.02.06 Профессиональное обучение (по отраслям) квалификация мастер производственного обучения (техник-программист)\r\n	  &lt;/div&gt;\r\n	&lt;/div&gt;\r\n  &lt;/div&gt;\r\n  &lt;div class=&quot;panel panel-primary&quot;&gt;\r\n	&lt;div class=&quot;panel-heading&quot; role=&quot;tab&quot; id=&quot;heading6&quot;&gt;\r\n	  &lt;h4 class=&quot;panel-title&quot;&gt;\r\n		&lt;a class=&quot;collapsed&quot; role=&quot;button&quot; data-toggle=&quot;collapse&quot; data-parent=&quot;#accordion&quot; href=&quot;#collapse6&quot; aria-expanded=&quot;false&quot; aria-controls=&quot;collapse6&quot;&gt;\r\n		  Профессиональное обучение (по отраслям) - Мастер производственного обучения (техник)\r\n		&lt;/a&gt;\r\n	  &lt;/h4&gt;\r\n	&lt;/div&gt;\r\n	&lt;div id=&quot;collapse6&quot; class=&quot;panel-collapse collapse&quot; role=&quot;tabpanel&quot; aria-labelledby=&quot;heading6&quot; aria-expanded=&quot;false&quot;&gt;\r\n	  &lt;div class=&quot;panel-body&quot;&gt;\r\n		Основная профессиональная образовательная программа по углубленной подготовке специалистов среднего звена специальности 44.02.06 Профессиональное обучение (по отраслям) квалификация мастер производственного обучения (техник)\r\n	  &lt;/div&gt;\r\n	&lt;/div&gt;\r\n  &lt;/div&gt;\r\n  &lt;div class=&quot;panel panel-primary&quot;&gt;\r\n	&lt;div class=&quot;panel-heading&quot; role=&quot;tab&quot; id=&quot;heading7&quot;&gt;\r\n	  &lt;h4 class=&quot;panel-title&quot;&gt;\r\n		&lt;a class=&quot;collapsed&quot; role=&quot;button&quot; data-toggle=&quot;collapse&quot; data-parent=&quot;#accordion&quot; href=&quot;#collapse7&quot; aria-expanded=&quot;false&quot; aria-controls=&quot;collapse7&quot;&gt;\r\n		  Право и организация социального обеспечения\r\n		&lt;/a&gt;\r\n	  &lt;/h4&gt;\r\n	&lt;/div&gt;\r\n	&lt;div id=&quot;collapse7&quot; class=&quot;panel-collapse collapse&quot; role=&quot;tabpanel&quot; aria-labelledby=&quot;heading7&quot; aria-expanded=&quot;false&quot;&gt;\r\n	  &lt;div class=&quot;panel-body&quot;&gt;\r\n		Основная профессиональная образовательная программа базовой  подготовки специалистов среднего звена специальности 40.02.01 Право и организация социального обеспечения квалификация  - юрист\r\n	  &lt;/div&gt;\r\n	&lt;/div&gt;\r\n  &lt;/div&gt;\r\n  &lt;div class=&quot;panel panel-primary&quot;&gt;\r\n	&lt;div class=&quot;panel-heading&quot; role=&quot;tab&quot; id=&quot;heading8&quot;&gt;\r\n	  &lt;h4 class=&quot;panel-title&quot;&gt;\r\n		&lt;a class=&quot;collapsed&quot; role=&quot;button&quot; data-toggle=&quot;collapse&quot; data-parent=&quot;#accordion&quot; href=&quot;#collapse8&quot; aria-expanded=&quot;false&quot; aria-controls=&quot;collapse8&quot;&gt;\r\n		  Информационная  безопасность автоматизированных систем\r\n		&lt;/a&gt;\r\n	  &lt;/h4&gt;\r\n	&lt;/div&gt;\r\n	&lt;div id=&quot;collapse8&quot; class=&quot;panel-collapse collapse&quot; role=&quot;tabpanel&quot; aria-labelledby=&quot;heading8&quot; aria-expanded=&quot;false&quot;&gt;\r\n	  &lt;div class=&quot;panel-body&quot;&gt;\r\n		Основная профессиональная образовательная программа базовой  подготовки специалистов среднего звена специальности 10.02.03 Информационная  безопасность автоматизированных систем квалификация  - техник по защите информации\r\n	  &lt;/div&gt;\r\n	&lt;/div&gt;\r\n  &lt;/div&gt;\r\n&lt;/div&gt;'),
	(6, 1, 'Стоимость платных образовательных услуг', '<table class="table table-bordered" width="1898" height="531">\r\n	<tbody>\r\n		<tr>\r\n			<td>\r\n				<span style="font-size: 18px;">Перечень услуг</span>\r\n			</td>\r\n			<td>\r\n				<span style="font-size: 18px;">Стоимость</span>\r\n			</td>\r\n		</tr>\r\n		<tr>\r\n			<td>\r\n				<p><b>Образовательные услуги очной формы обучения по программам среднего профессионального образования</b></p>\r\n				<ul>\r\n					<li>09.02.05 Прикладная информатика (по отраслям)</li>\r\n					<li>21.02.05 Земельно-имущественные отношения</li>\r\n					<li>35.02.12 Садово-парковое и ландшафтное строительство</li>\r\n					<li>10.02.03 Информационная безопасность автоматизированных систем</li>\r\n					<li>40.02.01 Право и организация социального обеспечения</li>\r\n					<li>44.02.06 Профессиональное обучение по отраслям</li>\r\n				</ul>\r\n			</td>\r\n			<td rowspan="3" align="center">\r\n				<b>т. 314-94-66</b>\r\n			</td>\r\n		</tr>\r\n		<tr>\r\n			<td><p><b>Образовательные услуги заочной формы обучения по программам среднего профессионального образования</b></p>\r\n				<ul>\r\n					<li>40.02.01 Право и организация социального обеспечения</li>\r\n					<li>21.02.05 Земельно-имущественные отношения</li>\r\n					<li>44.02.06 Профессиональное обучение по отраслям</li>\r\n				</ul>\r\n			</td>\r\n		</tr>\r\n		<tr>\r\n			<td>\r\n				<p><b>Образовательные услуги заочной формы обучения в соответствии с индивидуальными планами обучения по программам среднего профессионального образования</b></p>\r\n				<ul>\r\n					<li>44.02.06 Профессиональное обучение по отраслям</li>\r\n					<li>21.02.05 Земельно-имущественные отношения</li>\r\n					<li>40.02.01 Право и организация социального обеспечения</li>\r\n				</ul>\r\n			</td>\r\n		</tr>\r\n	</tbody>\r\n</table>'),
	(6, 2, 'The cost of paid educational services', '<table class="table table-bordered" width="1898" height="531">\r\n	<tbody>\r\n		<tr>\r\n			<td>\r\n				<span style="font-size: 18px;">Перечень услуг</span>\r\n			</td>\r\n			<td>\r\n				<span style="font-size: 18px;">Стоимость</span>\r\n			</td>\r\n		</tr>\r\n		<tr>\r\n			<td>\r\n				<p><b>Образовательные услуги очной формы обучения по программам среднего профессионального образования</b></p>\r\n				<ul>\r\n					<li>09.02.05 Прикладная информатика (по отраслям)</li>\r\n					<li>21.02.05 Земельно-имущественные отношения</li>\r\n					<li>35.02.12 Садово-парковое и ландшафтное строительство</li>\r\n					<li>10.02.03 Информационная безопасность автоматизированных систем</li>\r\n					<li>40.02.01 Право и организация социального обеспечения</li>\r\n					<li>44.02.06 Профессиональное обучение по отраслям</li>\r\n				</ul>\r\n			</td>\r\n			<td rowspan="3" align="center">\r\n				<b>т. 314-94-66</b>\r\n			</td>\r\n		</tr>\r\n		<tr>\r\n			<td><p><b>Образовательные услуги заочной формы обучения по программам среднего профессионального образования</b></p>\r\n				<ul>\r\n					<li>40.02.01 Право и организация социального обеспечения</li>\r\n					<li>21.02.05 Земельно-имущественные отношения</li>\r\n					<li>44.02.06 Профессиональное обучение по отраслям</li>\r\n				</ul>\r\n			</td>\r\n		</tr>\r\n		<tr>\r\n			<td>\r\n				<p><b>Образовательные услуги заочной формы обучения в соответствии с индивидуальными планами обучения по программам среднего профессионального образования</b></p>\r\n				<ul>\r\n					<li>44.02.06 Профессиональное обучение по отраслям</li>\r\n					<li>21.02.05 Земельно-имущественные отношения</li>\r\n					<li>40.02.01 Право и организация социального обеспечения</li>\r\n				</ul>\r\n			</td>\r\n		</tr>\r\n	</tbody>\r\n</table>'),
	(8, 1, 'День студента', '<div class="main-news-single__image">\r\n    <a class="thumbnail" href="/data/adverts/DSC_0281.JPG"><img src="/data/adverts/DSC_0281.JPG" width="240" alt=""></a>\r\n</div>\r\n\r\n<p style="text-align: justify;">\r\n	<span style="font-size: 18px;font-family: \'Open Sans\', sans-serif;">Празднование Дня российского студента «Татьянин день» в Новосибирском профессионально - педагогическом колледже началось с праздничного утра. В фойе колледжа всех спешащих с утра на учебные занятия студентов встречали веселыми поздравлениями и теплыми пожеланиями активисты Совета обучающихся колледжа.</span>\r\n</p>\r\n\r\n<p style="text-align: justify;">\r\n	<span style="font-size: 18px;font-family: \'Open Sans\', sans-serif;">В актовом зале колледжа студентов ждала праздничная программа, которую украсили вокальные номера: Покидовой Анастасии «Останусь», (лауреат I степени областного фестиваля «Я вхожу в мир искусств»);</span>\r\n</p>\r\n\r\n<p style="text-align: justify;">\r\n	<span style="font-size: 18px;font-family: \'Open Sans\', sans-serif;">Кийковой Елизаветы и Морозовой Кристины «Сердце земли моей», (лауреаты I степени областного фестиваля «Я вхожу в мир искусств»).</span>\r\n</p>\r\n<span class="cut">\r\n<p style="text-align: justify;">\r\n	<span style="font-size: 18px;font-family: \'Open Sans\', sans-serif;">Оригинальным номером программы стал видеоролик, снятый Советом обучающихся колледжа о яркой, неповторимой, непредсказуемой студенческой жизни.</span>\r\n</p>\r\n\r\n<p style="text-align: justify;">\r\n	<span style="font-size: 18px;font-family: \'Open Sans\', sans-serif;">Вели праздничную программу Чуманов Дмитрий и Краснощекова Дарья.</span>\r\n</p style="text-align: justify;">\r\n\r\n<p style="text-align: justify;">\r\n	<span style="font-size: 18px;font-family: \'Open Sans\', sans-serif;">Еще раз поздравляем всех студентов с Татьяниным днем, и желаем успешной учебы, новых свершений и открытий.</span>\r\n</p style="text-align: justify;">\r\n\r\n<p style="text-align: right;">\r\n	<span style="font-size: 18px;font-family: \'Open Sans\', sans-serif;">Л.А. Корченица, педагог доп. образования</span>\r\n</p>\r\n</span>'),
	(8, 2, 'Student\'s day', '<div class="main-news-single__image">\r\n    <a class="thumbnail" href="/data/adverts/DSC_0281.JPG"><img src="/data/adverts/DSC_0281.JPG" width="240" alt=""></a>\r\n</div>\r\n\r\n<p style="text-align: justify;">\r\n	<span style="font-size: 18px;font-family: \'Open Sans\', sans-serif;">The celebration of the Day of the Russian Student "Tatyanin Day" at the Novosibirsk Vocational and Pedagogical College began on a festive morning. In the foyer of the college, all the students hurrying to attend classes in the morning were greeted with cheerful congratulations and warm wishes by the activists of the Board of Students of the College.</span>\r\n</p>\r\n\r\n<p style="text-align: justify;">\r\n	<span style="font-size: 18px;font-family: \'Open Sans\', sans-serif;">In the assembly hall of the college students waited for the festive program, which was decorated with vocal numbers:<br>\r\nAnastasiya Pokidova "Stay" (winner of the I degree of the regional festival "I Enter the World of Arts");</span>\r\n</p>\r\n\r\n<p style="text-align: justify;">\r\n	<span style="font-size: 18px;font-family: \'Open Sans\', sans-serif;">Kiykova Elizaveta and Morozova Kristina "The Heart of My Land", (laureates of the I degree of the regional festival "I Enter the World of Arts").</span>\r\n</p>\r\n<span class="cut">\r\n<p style="text-align: justify;">\r\n	<span style="font-size: 18px;font-family: \'Open Sans\', sans-serif;">The original number of the program was a video shot by the Board of College students about a bright, unique, unpredictable student life.</span>\r\n</p>\r\n\r\n<p style="text-align: justify;">\r\n	<span style="font-size: 18px;font-family: \'Open Sans\', sans-serif;">Have a festive program Chumanov Dmitry and Krasnoshchekova Daria.</span>\r\n</p style="text-align: justify;">\r\n\r\n<p style="text-align: justify;">\r\n	<span style="font-size: 18px;font-family: \'Open Sans\', sans-serif;">Once again we congratulate all students with Tatyana\'s day, and we wish successful studies, new achievements and discoveries.</span>\r\n</p style="text-align: justify;">\r\n\r\n<p style="text-align: right;">\r\n	<span style="font-size: 18px;font-family: \'Open Sans\', sans-serif;">L.A. Korcenica, the teacher of additional. of education</span>\r\n</p>\r\n</span>'),
	(11, 1, 'World Skills Russia', '&lt;div class=&quot;main-news-single__image&quot;&gt;\r\n    &lt;a class=&quot;thumbnail&quot; href=&quot;/data/banner/3.jpg&quot;&gt;&lt;img src=&quot;/data/banner/3.jpg&quot; width=&quot;240&quot; alt=&quot;&quot;&gt;&lt;/a&gt;\r\n&lt;/div&gt;\r\n&lt;p class=&quot;text-align-justify&quot;&gt;Новосибирский профессионально-педагогический колледж станет базовой площадкой для студентов  профессиональных образовательных учреждений Новосибирской области по четырем компетенциям - «Звукорежиссура», «Фотография», «IT-программные решения для бизнеса на платформе 1С Предприятие», «Видеопроизводство». Впервые на базе нашего колледжа будет работать площадка для юниоров по компетенции «Видеопроизводство».&lt;/p&gt;\r\n&lt;p class=&quot;text-align-justify&quot;&gt;А также мы планируем участвовать по компетенциям «Графический дизайн», «Инженерный дизайн CAD (САПР)», «Прототипирование», «Геодезия», «Промышленный дизайн», «Столярное дело», «Программные решения для бизнеса». В настоящее время команда колледжа активно готовится к чемпионату.&lt;/p&gt;\r\n&lt;span class=&quot;cut&quot;&gt;\r\n&lt;p class=&quot;text-align-justify&quot;&gt;Всего 36 студентов нашего колледжа продемонстрируют свои профессиональные знания по 11 компетенциям.&lt;/p&gt;\r\n&lt;p class=&quot;text-align-justify&quot;&gt;Чемпионат профессионального мастерства пройдет в нашем регионе в 5-й раз, по 51 компетенции (в том числе 10 компетенций юниоров Ворлдскиллс в возрасте 14-16 лет), на 28 площадках. 400 конкурсантов и более 400 экспертов из 50 профессиональных образовательных учреждений Новосибирской области  примут участие в чемпионате. По количеству компетенций это один из самых масштабных чемпионатов среди субъектов Российской Федерации.&lt;/p&gt;\r\n&lt;p class=&quot;text-align-justify&quot;&gt;Цель проведения регионального чемпионата WSR - профессиональная ориентация молодежи, а также внедрение в систему профессионального образования Новосибирской области лучших национальных и международных практик по определенным направлениям, в том числе выявление лучших представителей профессий как в возрасте от 16 до 22 лет, так и в возрасте 14-16 лет.&lt;/p&gt;\r\n&lt;p class=&quot;text-align-justify&quot;&gt;Торжественное открытие чемпионата состоится 5 февраля в 13-30 в Театрально-концертном зале «Евразия».&lt;/p&gt;\r\n&lt;p class=&quot;text-align-justify&quot;&gt;Во время проведения чемпионата предусмотрено проведение соревновательной, деловой и профориентационной программы. &lt;/p&gt;\r\n&lt;p class=&quot;text-align-justify&quot;&gt;Конкурсные задания представляют собой серию из независимых модулей, ориентированных на выявление разнообразных умений в области определенной компетенции. Каждый модуль потребует продемонстрировать понимание нескольких аспектов из определенной области. На выполнение каждого конкурсного задания отводится 4-16 часов рабочего времени, в течение 3 дней соревнований. Оценивает соревнования   Жюри - группа Экспертов, куда входит Главный эксперт. Жюри назначается по каждой конкурсной компетенции.&lt;/p&gt;\r\n&lt;p class=&quot;text-align-justify&quot;&gt;В рамках профориентационной программы  учащиеся общеобразовательных организаций посетят площадки (профессиональных образовательных учреждений), на которых пройдут соревнования. Для школьников будут организованы экскурсии, мастер-классы, профессиональные пробы и другие мероприятия.&lt;/p&gt;\r\n&lt;p class=&quot;text-align-justify&quot;&gt;В рамках деловой программы планируется проведение различных мероприятий.&lt;br&gt;\r\n8 февраля  на базе нашего колледжа состоится круглый стол для методистов и педагогических работников, осуществляющих инклюзивное обучение и работающих с обучающимися с ОВЗ и инвалидностью общеобразовательных и профессиональных образовательных организаций Новосибирской области. Тема - особенности развития профессиональных компетенций у нормативно здоровых обучающихся и обучающихся с нарушением здоровья.&lt;/p&gt;\r\n&lt;p class=&quot;text-align-justify&quot;&gt;9 февраля в 12.00, в Государственном концертном зале им. А.М. Каца, в рамках торжественного закрытия чемпионата, состоится награждение победителей и призеров.&lt;/p&gt;\r\n&lt;p class=&quot;text-align-justify&quot;&gt;Желаем нашим участникам достойно выступить, успеха и победы!!!&lt;/p&gt;\r\n&lt;p class=&quot;text-align-right&quot;&gt;Л.С. Рыболовлева,&lt;/p&gt;\r\n&lt;p class=&quot;text-align-right&quot;&gt;заведующий библиотекой&lt;/p&gt;\r\n&lt;/span&gt;'),
	(11, 2, 'World Skills Russia', '&lt;div class=&quot;main-news-single__image&quot;&gt;\r\n    &lt;a class=&quot;thumbnail&quot; href=&quot;/data/banner/3.jpg&quot;&gt;&lt;img src=&quot;/data/banner/3.jpg&quot; width=&quot;240&quot; alt=&quot;&quot;&gt;&lt;/a&gt;\r\n&lt;/div&gt;\r\n&lt;p class=&quot;text-align-justify&quot;&gt;Новосибирский профессионально-педагогический колледж станет базовой площадкой для студентов  профессиональных образовательных учреждений Новосибирской области по четырем компетенциям - «Звукорежиссура», «Фотография», «IT-программные решения для бизнеса на платформе 1С Предприятие», «Видеопроизводство». Впервые на базе нашего колледжа будет работать площадка для юниоров по компетенции «Видеопроизводство».&lt;/p&gt;\r\n&lt;p class=&quot;text-align-justify&quot;&gt;А также мы планируем участвовать по компетенциям «Графический дизайн», «Инженерный дизайн CAD (САПР)», «Прототипирование», «Геодезия», «Промышленный дизайн», «Столярное дело», «Программные решения для бизнеса». В настоящее время команда колледжа активно готовится к чемпионату.&lt;/p&gt;\r\n&lt;span class=&quot;cut&quot;&gt;\r\n&lt;p class=&quot;text-align-justify&quot;&gt;Всего 36 студентов нашего колледжа продемонстрируют свои профессиональные знания по 11 компетенциям.&lt;/p&gt;\r\n&lt;p class=&quot;text-align-justify&quot;&gt;Чемпионат профессионального мастерства пройдет в нашем регионе в 5-й раз, по 51 компетенции (в том числе 10 компетенций юниоров Ворлдскиллс в возрасте 14-16 лет), на 28 площадках. 400 конкурсантов и более 400 экспертов из 50 профессиональных образовательных учреждений Новосибирской области  примут участие в чемпионате. По количеству компетенций это один из самых масштабных чемпионатов среди субъектов Российской Федерации.&lt;/p&gt;\r\n&lt;p class=&quot;text-align-justify&quot;&gt;Цель проведения регионального чемпионата WSR - профессиональная ориентация молодежи, а также внедрение в систему профессионального образования Новосибирской области лучших национальных и международных практик по определенным направлениям, в том числе выявление лучших представителей профессий как в возрасте от 16 до 22 лет, так и в возрасте 14-16 лет.&lt;/p&gt;\r\n&lt;p class=&quot;text-align-justify&quot;&gt;Торжественное открытие чемпионата состоится 5 февраля в 13-30 в Театрально-концертном зале «Евразия».&lt;/p&gt;\r\n&lt;p class=&quot;text-align-justify&quot;&gt;Во время проведения чемпионата предусмотрено проведение соревновательной, деловой и профориентационной программы. &lt;/p&gt;\r\n&lt;p class=&quot;text-align-justify&quot;&gt;Конкурсные задания представляют собой серию из независимых модулей, ориентированных на выявление разнообразных умений в области определенной компетенции. Каждый модуль потребует продемонстрировать понимание нескольких аспектов из определенной области. На выполнение каждого конкурсного задания отводится 4-16 часов рабочего времени, в течение 3 дней соревнований. Оценивает соревнования   Жюри - группа Экспертов, куда входит Главный эксперт. Жюри назначается по каждой конкурсной компетенции.&lt;/p&gt;\r\n&lt;p class=&quot;text-align-justify&quot;&gt;В рамках профориентационной программы  учащиеся общеобразовательных организаций посетят площадки (профессиональных образовательных учреждений), на которых пройдут соревнования. Для школьников будут организованы экскурсии, мастер-классы, профессиональные пробы и другие мероприятия.&lt;/p&gt;\r\n&lt;p class=&quot;text-align-justify&quot;&gt;В рамках деловой программы планируется проведение различных мероприятий.&lt;br&gt;\r\n8 февраля  на базе нашего колледжа состоится круглый стол для методистов и педагогических работников, осуществляющих инклюзивное обучение и работающих с обучающимися с ОВЗ и инвалидностью общеобразовательных и профессиональных образовательных организаций Новосибирской области. Тема - особенности развития профессиональных компетенций у нормативно здоровых обучающихся и обучающихся с нарушением здоровья.&lt;/p&gt;\r\n&lt;p class=&quot;text-align-justify&quot;&gt;9 февраля в 12.00, в Государственном концертном зале им. А.М. Каца, в рамках торжественного закрытия чемпионата, состоится награждение победителей и призеров.&lt;/p&gt;\r\n&lt;p class=&quot;text-align-justify&quot;&gt;Желаем нашим участникам достойно выступить, успеха и победы!!!&lt;/p&gt;\r\n&lt;p class=&quot;text-align-right&quot;&gt;Л.С. Рыболовлева,&lt;/p&gt;\r\n&lt;p class=&quot;text-align-right&quot;&gt;заведующий библиотекой&lt;/p&gt;\r\n&lt;/span&gt;'),
	(12, 1, 'Наши достижения', '<div class="clearfix">\r\n	<div class="main-news-single__image">\r\n	    <a class="thumbnail" href="/data/adverts/71.png"><img src="/data/adverts/71.png" width="140" alt=""></a>\r\n	</div>\r\n	<p class="text-align-justify">Золотая медаль «Европейское качество» в номинации «100 лучших ССУЗов России»</p>\r\n</div>\r\n\r\n<div class="clearfix">\r\n	<div class="main-news-single__image">\r\n	    <a class="thumbnail" href="/data/adverts/72.jpg"><img src="/data/adverts/72.jpg" width="140" alt=""></a>\r\n	</div>\r\n	<p class="text-align-justify">Медаль «Новосибирская марка» в сфере образовательной деятельности в номинации «За устойчивое развитие на рынке образовательных услуг»</p>\r\n	<p class="text-align-justify">Медаль «Новосибирская марка» в сфере образовательной деятельности в номинации «Современные образовательные технологии»</p>\r\n</div>\r\n\r\n<div class="clearfix">\r\n	<div class="main-news-single__image">\r\n	    <a class="thumbnail" href="/data/adverts/31_12_08.jpg"><img src="/data/adverts/31_12_08.jpg" width="140" alt=""></a>\r\n	</div>\r\n	<p class="text-align-justify">Орден «За профессиональную честь, достоинство и почетную деловую репутацию» III степени</p>\r\n</div>\r\n\r\n<div class="clearfix">\r\n	<div class="main-news-single__image">\r\n	    <a class="thumbnail" href="/data/adverts/wGYkUZewk1E.jpg"><img src="/data/adverts/wGYkUZewk1E.jpg" width="140" alt=""></a>\r\n	</div>\r\n	<p class="text-align-justify">Наградной знак по итогам V Регионального чемпионата «Молодые профессионалы» (WorldSkills Russia-2018)»  «Лучшая команда чемпионата»</p>\r\n</div>'),
	(12, 2, 'Our achievements', '<div class="clearfix">\r\n	<div class="main-news-single__image">\r\n	    <a class="thumbnail" href="/data/adverts/71.png"><img src="/data/adverts/71.png" width="140" alt=""></a>\r\n	</div>\r\n	<p class="text-align-justify">Золотая медаль «Европейское качество» в номинации «100 лучших ССУЗов России»</p>\r\n</div>\r\n\r\n<div class="clearfix">\r\n	<div class="main-news-single__image">\r\n	    <a class="thumbnail" href="/data/adverts/72.jpg"><img src="/data/adverts/72.jpg" width="140" alt=""></a>\r\n	</div>\r\n	<p class="text-align-justify">Медаль «Новосибирская марка» в сфере образовательной деятельности в номинации «За устойчивое развитие на рынке образовательных услуг»</p>\r\n	<p class="text-align-justify">Медаль «Новосибирская марка» в сфере образовательной деятельности в номинации «Современные образовательные технологии»</p>\r\n</div>\r\n\r\n<div class="clearfix">\r\n	<div class="main-news-single__image">\r\n	    <a class="thumbnail" href="/data/adverts/31_12_08.jpg"><img src="/data/adverts/31_12_08.jpg" width="140" alt=""></a>\r\n	</div>\r\n	<p class="text-align-justify">Орден «За профессиональную честь, достоинство и почетную деловую репутацию» III степени</p>\r\n</div>\r\n\r\n<div class="clearfix">\r\n	<div class="main-news-single__image">\r\n	    <a class="thumbnail" href="/data/adverts/wGYkUZewk1E.jpg"><img src="/data/adverts/wGYkUZewk1E.jpg" width="140" alt=""></a>\r\n	</div>\r\n	<p class="text-align-justify">Наградной знак по итогам V Регионального чемпионата «Молодые профессионалы» (WorldSkills Russia-2018)»  «Лучшая команда чемпионата»</p>\r\n</div>'),
	(17, 1, 'Специальности', '&lt;div class=&quot;panel-group&quot; id=&quot;accordion&quot; role=&quot;tablist&quot; aria-multiselectable=&quot;true&quot;&gt;\r\n  &lt;div class=&quot;panel panel-primary&quot;&gt;\r\n	&lt;div class=&quot;panel-heading&quot; role=&quot;tab&quot; id=&quot;headingOne&quot;&gt;\r\n	  &lt;h4 class=&quot;panel-title&quot;&gt;\r\n		&lt;a role=&quot;button&quot; data-toggle=&quot;collapse&quot; data-parent=&quot;#accordion&quot; href=&quot;#collapseOne&quot; aria-expanded=&quot;false&quot; aria-controls=&quot;collapseOne&quot; class=&quot;collapsed&quot;&gt;\r\n		  Прикладная информатика (по отраслям)\r\n		&lt;/a&gt;\r\n	  &lt;/h4&gt;\r\n	&lt;/div&gt;\r\n	&lt;div id=&quot;collapseOne&quot; class=&quot;panel-collapse collapse&quot; role=&quot;tabpanel&quot; aria-labelledby=&quot;headingOne&quot; aria-expanded=&quot;false&quot;&gt;\r\n	  &lt;div class=&quot;panel-body&quot;&gt;\r\n		Основная профессиональная образовательная программа базовой подготовки специалистов среднего звена специальности 09.02.05 Прикладная информатика (по отраслям) квалификация техник-программист\r\n	  &lt;/div&gt;\r\n	&lt;/div&gt;\r\n  &lt;/div&gt;\r\n  &lt;div class=&quot;panel panel-primary&quot;&gt;\r\n	&lt;div class=&quot;panel-heading&quot; role=&quot;tab&quot; id=&quot;headingTwo&quot;&gt;\r\n	  &lt;h4 class=&quot;panel-title&quot;&gt;\r\n		&lt;a class=&quot;collapsed&quot; role=&quot;button&quot; data-toggle=&quot;collapse&quot; data-parent=&quot;#accordion&quot; href=&quot;#collapseTwo&quot; aria-expanded=&quot;false&quot; aria-controls=&quot;collapseTwo&quot;&gt;\r\n		  Земельно-имущественные отношения\r\n		&lt;/a&gt;\r\n	  &lt;/h4&gt;\r\n	&lt;/div&gt;\r\n	&lt;div id=&quot;collapseTwo&quot; class=&quot;panel-collapse collapse&quot; role=&quot;tabpanel&quot; aria-labelledby=&quot;headingTwo&quot; aria-expanded=&quot;false&quot;&gt;\r\n	  &lt;div class=&quot;panel-body&quot;&gt;\r\n		Основная профессиональная образовательная программа базовой подготовки специалистов среднего звена специальности 21.02.05 Земельно-имущественные отношения квалификация Специалист по земельно-имущественным отношениям\r\n	  &lt;/div&gt;\r\n	&lt;/div&gt;\r\n  &lt;/div&gt;\r\n  &lt;div class=&quot;panel panel-primary&quot;&gt;\r\n	&lt;div class=&quot;panel-heading&quot; role=&quot;tab&quot; id=&quot;heading3&quot;&gt;\r\n	  &lt;h4 class=&quot;panel-title&quot;&gt;\r\n		&lt;a class=&quot;collapsed&quot; role=&quot;button&quot; data-toggle=&quot;collapse&quot; data-parent=&quot;#accordion&quot; href=&quot;#collapse3&quot; aria-expanded=&quot;false&quot; aria-controls=&quot;collapse3&quot;&gt;\r\n		  Информационные системы обеспечения градостроительной деятельности\r\n		&lt;/a&gt;\r\n	  &lt;/h4&gt;\r\n	&lt;/div&gt;\r\n	&lt;div id=&quot;collapse3&quot; class=&quot;panel-collapse collapse&quot; role=&quot;tabpanel&quot; aria-labelledby=&quot;heading3&quot; aria-expanded=&quot;false&quot;&gt;\r\n	  &lt;div class=&quot;panel-body&quot;&gt;\r\n		Основная профессиональная образовательная программа базовой подготовки специалистов среднего звена специальности 21.02.06 Информационные системы обеспечения градостроительной деятельности квалификация техник\r\n	  &lt;/div&gt;\r\n	&lt;/div&gt;\r\n  &lt;/div&gt;\r\n  &lt;div class=&quot;panel panel-primary&quot;&gt;\r\n	&lt;div class=&quot;panel-heading&quot; role=&quot;tab&quot; id=&quot;heading4&quot;&gt;\r\n	  &lt;h4 class=&quot;panel-title&quot;&gt;\r\n		&lt;a class=&quot;collapsed&quot; role=&quot;button&quot; data-toggle=&quot;collapse&quot; data-parent=&quot;#accordion&quot; href=&quot;#collapse4&quot; aria-expanded=&quot;false&quot; aria-controls=&quot;collapse4&quot;&gt;\r\n		  Садово-парковое и ландшафтное строительство\r\n		&lt;/a&gt;\r\n	  &lt;/h4&gt;\r\n	&lt;/div&gt;\r\n	&lt;div id=&quot;collapse4&quot; class=&quot;panel-collapse collapse&quot; role=&quot;tabpanel&quot; aria-labelledby=&quot;heading4&quot; aria-expanded=&quot;false&quot;&gt;\r\n	  &lt;div class=&quot;panel-body&quot;&gt;\r\n		Основная профессиональная образовательная программа базовой подготовки специалистов среднего звена специальности 35.02.12 Садово-парковое и ландшафтное строительство квалификация - техник\r\n	  &lt;/div&gt;\r\n	&lt;/div&gt;\r\n  &lt;/div&gt;\r\n  &lt;div class=&quot;panel panel-primary&quot;&gt;\r\n	&lt;div class=&quot;panel-heading&quot; role=&quot;tab&quot; id=&quot;heading5&quot;&gt;\r\n	  &lt;h4 class=&quot;panel-title&quot;&gt;\r\n	    &lt;a class=&quot;collapsed&quot; role=&quot;button&quot; data-toggle=&quot;collapse&quot; data-parent=&quot;#accordion&quot; href=&quot;#collapse5&quot; aria-expanded=&quot;false&quot; aria-controls=&quot;collapse5&quot;&gt;\r\n		  Профессиональное обучение (по отраслям) - мастер производственного обучения (техник программист)\r\n		&lt;/a&gt;\r\n	  &lt;/h4&gt;\r\n	&lt;/div&gt;\r\n	&lt;div id=&quot;collapse5&quot; class=&quot;panel-collapse collapse&quot; role=&quot;tabpanel&quot; aria-labelledby=&quot;heading5&quot; aria-expanded=&quot;false&quot;&gt;\r\n	  &lt;div class=&quot;panel-body&quot;&gt;\r\n		Основная профессиональная образовательная программа по углубленной подготовке специалистов среднего звена специальности 44.02.06 Профессиональное обучение (по отраслям) квалификация мастер производственного обучения (техник-программист)\r\n	  &lt;/div&gt;\r\n	&lt;/div&gt;\r\n  &lt;/div&gt;\r\n  &lt;div class=&quot;panel panel-primary&quot;&gt;\r\n	&lt;div class=&quot;panel-heading&quot; role=&quot;tab&quot; id=&quot;heading6&quot;&gt;\r\n	  &lt;h4 class=&quot;panel-title&quot;&gt;\r\n		&lt;a class=&quot;collapsed&quot; role=&quot;button&quot; data-toggle=&quot;collapse&quot; data-parent=&quot;#accordion&quot; href=&quot;#collapse6&quot; aria-expanded=&quot;false&quot; aria-controls=&quot;collapse6&quot;&gt;\r\n		  Профессиональное обучение (по отраслям) - Мастер производственного обучения (техник)\r\n		&lt;/a&gt;\r\n	  &lt;/h4&gt;\r\n	&lt;/div&gt;\r\n	&lt;div id=&quot;collapse6&quot; class=&quot;panel-collapse collapse&quot; role=&quot;tabpanel&quot; aria-labelledby=&quot;heading6&quot; aria-expanded=&quot;false&quot;&gt;\r\n	  &lt;div class=&quot;panel-body&quot;&gt;\r\n		Основная профессиональная образовательная программа по углубленной подготовке специалистов среднего звена специальности 44.02.06 Профессиональное обучение (по отраслям) квалификация мастер производственного обучения (техник)\r\n	  &lt;/div&gt;\r\n	&lt;/div&gt;\r\n  &lt;/div&gt;\r\n  &lt;div class=&quot;panel panel-primary&quot;&gt;\r\n	&lt;div class=&quot;panel-heading&quot; role=&quot;tab&quot; id=&quot;heading7&quot;&gt;\r\n	  &lt;h4 class=&quot;panel-title&quot;&gt;\r\n		&lt;a class=&quot;collapsed&quot; role=&quot;button&quot; data-toggle=&quot;collapse&quot; data-parent=&quot;#accordion&quot; href=&quot;#collapse7&quot; aria-expanded=&quot;false&quot; aria-controls=&quot;collapse7&quot;&gt;\r\n		  Право и организация социального обеспечения\r\n		&lt;/a&gt;\r\n	  &lt;/h4&gt;\r\n	&lt;/div&gt;\r\n	&lt;div id=&quot;collapse7&quot; class=&quot;panel-collapse collapse&quot; role=&quot;tabpanel&quot; aria-labelledby=&quot;heading7&quot; aria-expanded=&quot;false&quot;&gt;\r\n	  &lt;div class=&quot;panel-body&quot;&gt;\r\n		Основная профессиональная образовательная программа базовой  подготовки специалистов среднего звена специальности 40.02.01 Право и организация социального обеспечения квалификация  - юрист\r\n	  &lt;/div&gt;\r\n	&lt;/div&gt;\r\n  &lt;/div&gt;\r\n  &lt;div class=&quot;panel panel-primary&quot;&gt;\r\n	&lt;div class=&quot;panel-heading&quot; role=&quot;tab&quot; id=&quot;heading8&quot;&gt;\r\n	  &lt;h4 class=&quot;panel-title&quot;&gt;\r\n		&lt;a class=&quot;collapsed&quot; role=&quot;button&quot; data-toggle=&quot;collapse&quot; data-parent=&quot;#accordion&quot; href=&quot;#collapse8&quot; aria-expanded=&quot;false&quot; aria-controls=&quot;collapse8&quot;&gt;\r\n		  Информационная  безопасность автоматизированных систем\r\n		&lt;/a&gt;\r\n	  &lt;/h4&gt;\r\n	&lt;/div&gt;\r\n	&lt;div id=&quot;collapse8&quot; class=&quot;panel-collapse collapse&quot; role=&quot;tabpanel&quot; aria-labelledby=&quot;heading8&quot; aria-expanded=&quot;false&quot;&gt;\r\n	  &lt;div class=&quot;panel-body&quot;&gt;\r\n		Основная профессиональная образовательная программа базовой  подготовки специалистов среднего звена специальности 10.02.03 Информационная  безопасность автоматизированных систем квалификация  - техник по защите информации\r\n	  &lt;/div&gt;\r\n	&lt;/div&gt;\r\n  &lt;/div&gt;\r\n&lt;/div&gt;'),
	(17, 2, 'Specialties', '&lt;div class=&quot;panel-group&quot; id=&quot;accordion&quot; role=&quot;tablist&quot; aria-multiselectable=&quot;true&quot;&gt;\r\n  &lt;div class=&quot;panel panel-primary&quot;&gt;\r\n	&lt;div class=&quot;panel-heading&quot; role=&quot;tab&quot; id=&quot;headingOne&quot;&gt;\r\n	  &lt;h4 class=&quot;panel-title&quot;&gt;\r\n		&lt;a role=&quot;button&quot; data-toggle=&quot;collapse&quot; data-parent=&quot;#accordion&quot; href=&quot;#collapseOne&quot; aria-expanded=&quot;false&quot; aria-controls=&quot;collapseOne&quot; class=&quot;collapsed&quot;&gt;\r\n		  Прикладная информатика (по отраслям)\r\n		&lt;/a&gt;\r\n	  &lt;/h4&gt;\r\n	&lt;/div&gt;\r\n	&lt;div id=&quot;collapseOne&quot; class=&quot;panel-collapse collapse&quot; role=&quot;tabpanel&quot; aria-labelledby=&quot;headingOne&quot; aria-expanded=&quot;false&quot;&gt;\r\n	  &lt;div class=&quot;panel-body&quot;&gt;\r\n		Основная профессиональная образовательная программа базовой подготовки специалистов среднего звена специальности 09.02.05 Прикладная информатика (по отраслям) квалификация техник-программист\r\n	  &lt;/div&gt;\r\n	&lt;/div&gt;\r\n  &lt;/div&gt;\r\n  &lt;div class=&quot;panel panel-primary&quot;&gt;\r\n	&lt;div class=&quot;panel-heading&quot; role=&quot;tab&quot; id=&quot;headingTwo&quot;&gt;\r\n	  &lt;h4 class=&quot;panel-title&quot;&gt;\r\n		&lt;a class=&quot;collapsed&quot; role=&quot;button&quot; data-toggle=&quot;collapse&quot; data-parent=&quot;#accordion&quot; href=&quot;#collapseTwo&quot; aria-expanded=&quot;false&quot; aria-controls=&quot;collapseTwo&quot;&gt;\r\n		  Земельно-имущественные отношения\r\n		&lt;/a&gt;\r\n	  &lt;/h4&gt;\r\n	&lt;/div&gt;\r\n	&lt;div id=&quot;collapseTwo&quot; class=&quot;panel-collapse collapse&quot; role=&quot;tabpanel&quot; aria-labelledby=&quot;headingTwo&quot; aria-expanded=&quot;false&quot;&gt;\r\n	  &lt;div class=&quot;panel-body&quot;&gt;\r\n		Основная профессиональная образовательная программа базовой подготовки специалистов среднего звена специальности 21.02.05 Земельно-имущественные отношения квалификация Специалист по земельно-имущественным отношениям\r\n	  &lt;/div&gt;\r\n	&lt;/div&gt;\r\n  &lt;/div&gt;\r\n  &lt;div class=&quot;panel panel-primary&quot;&gt;\r\n	&lt;div class=&quot;panel-heading&quot; role=&quot;tab&quot; id=&quot;heading3&quot;&gt;\r\n	  &lt;h4 class=&quot;panel-title&quot;&gt;\r\n		&lt;a class=&quot;collapsed&quot; role=&quot;button&quot; data-toggle=&quot;collapse&quot; data-parent=&quot;#accordion&quot; href=&quot;#collapse3&quot; aria-expanded=&quot;false&quot; aria-controls=&quot;collapse3&quot;&gt;\r\n		  Информационные системы обеспечения градостроительной деятельности\r\n		&lt;/a&gt;\r\n	  &lt;/h4&gt;\r\n	&lt;/div&gt;\r\n	&lt;div id=&quot;collapse3&quot; class=&quot;panel-collapse collapse&quot; role=&quot;tabpanel&quot; aria-labelledby=&quot;heading3&quot; aria-expanded=&quot;false&quot;&gt;\r\n	  &lt;div class=&quot;panel-body&quot;&gt;\r\n		Основная профессиональная образовательная программа базовой подготовки специалистов среднего звена специальности 21.02.06 Информационные системы обеспечения градостроительной деятельности квалификация техник\r\n	  &lt;/div&gt;\r\n	&lt;/div&gt;\r\n  &lt;/div&gt;\r\n  &lt;div class=&quot;panel panel-primary&quot;&gt;\r\n	&lt;div class=&quot;panel-heading&quot; role=&quot;tab&quot; id=&quot;heading4&quot;&gt;\r\n	  &lt;h4 class=&quot;panel-title&quot;&gt;\r\n		&lt;a class=&quot;collapsed&quot; role=&quot;button&quot; data-toggle=&quot;collapse&quot; data-parent=&quot;#accordion&quot; href=&quot;#collapse4&quot; aria-expanded=&quot;false&quot; aria-controls=&quot;collapse4&quot;&gt;\r\n		  Садово-парковое и ландшафтное строительство\r\n		&lt;/a&gt;\r\n	  &lt;/h4&gt;\r\n	&lt;/div&gt;\r\n	&lt;div id=&quot;collapse4&quot; class=&quot;panel-collapse collapse&quot; role=&quot;tabpanel&quot; aria-labelledby=&quot;heading4&quot; aria-expanded=&quot;false&quot;&gt;\r\n	  &lt;div class=&quot;panel-body&quot;&gt;\r\n		Основная профессиональная образовательная программа базовой подготовки специалистов среднего звена специальности 35.02.12 Садово-парковое и ландшафтное строительство квалификация - техник\r\n	  &lt;/div&gt;\r\n	&lt;/div&gt;\r\n  &lt;/div&gt;\r\n  &lt;div class=&quot;panel panel-primary&quot;&gt;\r\n	&lt;div class=&quot;panel-heading&quot; role=&quot;tab&quot; id=&quot;heading5&quot;&gt;\r\n	  &lt;h4 class=&quot;panel-title&quot;&gt;\r\n	    &lt;a class=&quot;collapsed&quot; role=&quot;button&quot; data-toggle=&quot;collapse&quot; data-parent=&quot;#accordion&quot; href=&quot;#collapse5&quot; aria-expanded=&quot;false&quot; aria-controls=&quot;collapse5&quot;&gt;\r\n		  Профессиональное обучение (по отраслям) - мастер производственного обучения (техник программист)\r\n		&lt;/a&gt;\r\n	  &lt;/h4&gt;\r\n	&lt;/div&gt;\r\n	&lt;div id=&quot;collapse5&quot; class=&quot;panel-collapse collapse&quot; role=&quot;tabpanel&quot; aria-labelledby=&quot;heading5&quot; aria-expanded=&quot;false&quot;&gt;\r\n	  &lt;div class=&quot;panel-body&quot;&gt;\r\n		Основная профессиональная образовательная программа по углубленной подготовке специалистов среднего звена специальности 44.02.06 Профессиональное обучение (по отраслям) квалификация мастер производственного обучения (техник-программист)\r\n	  &lt;/div&gt;\r\n	&lt;/div&gt;\r\n  &lt;/div&gt;\r\n  &lt;div class=&quot;panel panel-primary&quot;&gt;\r\n	&lt;div class=&quot;panel-heading&quot; role=&quot;tab&quot; id=&quot;heading6&quot;&gt;\r\n	  &lt;h4 class=&quot;panel-title&quot;&gt;\r\n		&lt;a class=&quot;collapsed&quot; role=&quot;button&quot; data-toggle=&quot;collapse&quot; data-parent=&quot;#accordion&quot; href=&quot;#collapse6&quot; aria-expanded=&quot;false&quot; aria-controls=&quot;collapse6&quot;&gt;\r\n		  Профессиональное обучение (по отраслям) - Мастер производственного обучения (техник)\r\n		&lt;/a&gt;\r\n	  &lt;/h4&gt;\r\n	&lt;/div&gt;\r\n	&lt;div id=&quot;collapse6&quot; class=&quot;panel-collapse collapse&quot; role=&quot;tabpanel&quot; aria-labelledby=&quot;heading6&quot; aria-expanded=&quot;false&quot;&gt;\r\n	  &lt;div class=&quot;panel-body&quot;&gt;\r\n		Основная профессиональная образовательная программа по углубленной подготовке специалистов среднего звена специальности 44.02.06 Профессиональное обучение (по отраслям) квалификация мастер производственного обучения (техник)\r\n	  &lt;/div&gt;\r\n	&lt;/div&gt;\r\n  &lt;/div&gt;\r\n  &lt;div class=&quot;panel panel-primary&quot;&gt;\r\n	&lt;div class=&quot;panel-heading&quot; role=&quot;tab&quot; id=&quot;heading7&quot;&gt;\r\n	  &lt;h4 class=&quot;panel-title&quot;&gt;\r\n		&lt;a class=&quot;collapsed&quot; role=&quot;button&quot; data-toggle=&quot;collapse&quot; data-parent=&quot;#accordion&quot; href=&quot;#collapse7&quot; aria-expanded=&quot;false&quot; aria-controls=&quot;collapse7&quot;&gt;\r\n		  Право и организация социального обеспечения\r\n		&lt;/a&gt;\r\n	  &lt;/h4&gt;\r\n	&lt;/div&gt;\r\n	&lt;div id=&quot;collapse7&quot; class=&quot;panel-collapse collapse&quot; role=&quot;tabpanel&quot; aria-labelledby=&quot;heading7&quot; aria-expanded=&quot;false&quot;&gt;\r\n	  &lt;div class=&quot;panel-body&quot;&gt;\r\n		Основная профессиональная образовательная программа базовой  подготовки специалистов среднего звена специальности 40.02.01 Право и организация социального обеспечения квалификация  - юрист\r\n	  &lt;/div&gt;\r\n	&lt;/div&gt;\r\n  &lt;/div&gt;\r\n  &lt;div class=&quot;panel panel-primary&quot;&gt;\r\n	&lt;div class=&quot;panel-heading&quot; role=&quot;tab&quot; id=&quot;heading8&quot;&gt;\r\n	  &lt;h4 class=&quot;panel-title&quot;&gt;\r\n		&lt;a class=&quot;collapsed&quot; role=&quot;button&quot; data-toggle=&quot;collapse&quot; data-parent=&quot;#accordion&quot; href=&quot;#collapse8&quot; aria-expanded=&quot;false&quot; aria-controls=&quot;collapse8&quot;&gt;\r\n		  Информационная  безопасность автоматизированных систем\r\n		&lt;/a&gt;\r\n	  &lt;/h4&gt;\r\n	&lt;/div&gt;\r\n	&lt;div id=&quot;collapse8&quot; class=&quot;panel-collapse collapse&quot; role=&quot;tabpanel&quot; aria-labelledby=&quot;heading8&quot; aria-expanded=&quot;false&quot;&gt;\r\n	  &lt;div class=&quot;panel-body&quot;&gt;\r\n		Основная профессиональная образовательная программа базовой  подготовки специалистов среднего звена специальности 10.02.03 Информационная  безопасность автоматизированных систем квалификация  - техник по защите информации\r\n	  &lt;/div&gt;\r\n	&lt;/div&gt;\r\n  &lt;/div&gt;\r\n&lt;/div&gt;'),
	(18, 1, 'Мероприятия', '<h2>Абилимпикс</h2>\r\n\r\n<p>Региональный отборочный этап Национального чемпионата профмастерства среди граждан с инвалидностью «Абилимпикс».</p>\r\n\r\n<p><a href="/data/adverts/DSC_0281.JPG" class="thumbnail" title="Абилимпикс" style="width: 650px;margin: 15px auto;"><img src="/data/adverts/DSC_0281.JPG" title="Абилимпикс" /></a></p>\r\n\r\n<p>Он проводится в целях развития профессионального мастерства граждан с инвалидностью, содействия трудоустройству молодых специалистов с инвалидностью, выявления и поддержки талантливых детей и молодежи из числа граждан с инвалидностью.</p>\r\n\r\n<p>Участие в соревнованиях примут молодые специалисты, признанные в установленном порядке инвалидами, либо имеющие ограниченные возможности здоровья, не более как 5 лет завершившие освоение профессиональных образовательных программ.</p>\r\n\r\n<p><b>Региональный отборочный этап пройдет по 6 компетенциям:</b></p>\r\n\r\n<ul>\r\n	<li>Ремонт и обслуживание автомобилей;</li>\r\n	<li>Малярное дело;</li>\r\n	<li>Фотография;</li>\r\n	<li>Поварское дело;</li>\r\n	<li>Массажист;</li>\r\n	<li>Инженерный дизайн (CAD) САПР.</li>\r\n</ul>\r\n\r\n<p>Победители регионального этапа примут участие во втором Национальном чемпионате «Абилимпикс», который состоится в ноябре этого года.</p>\r\n\r\n<p>Узнать больше о региональном отборочном этапе Национального Чемпионата профессионального мастерства среди граждан с инвалидностью "Абилимпикс"</p>\r\n\r\n<p><b>Абилимпикс</b> — название соревнований по профессиональному мастерству среди инвалидов.</p>\r\n\r\n<p><b>История</b></p>\r\n\r\n<p>Впервые соревнования по профессиональному мастерству среди инвалидов прошли в Японии в 1953 году. Впоследствии эти соревнования стали международными. Соревнования проводятся Международной Федерации Абилимпикс (InternationalAbilympicFederation) с 1972 года и объединяют уже 46 стран.</p>\r\n\r\n<p><b>Абилимпикс в России</b></p>\r\n\r\n<p>C 2014 года соревнования по профессиональному мастерству среди инвалидов проводятся и в России . 1 национальный чемпионат Абилимпикс прошел в 2015 .</p>\r\n\r\n<p>Конкурс проводится в 45 компетенциях для школьников и молодых специалистов, а также в 6 компетенциях для школьников В городах России создаются региональные центры движения Абилимпикс.</p>\r\n\r\n<p>Основной организатор соревнований - Российский государственный социальный университет. В качестве экспертов-работодателей выступают различные организации.</p>'),
	(18, 2, 'Events', '<h2>Abilimpix</h2>\r\n\r\n<p>Regional qualifying stage of the National Championship of professional skills among citizens with disabilities "Abilimpix."</p>\r\n\r\n<p><a href="/data/adverts/DSC_0281.JPG" class="thumbnail" title="Abilimpix" style="width: 650px;margin: 15px auto;"><img src="/data/adverts/DSC_0281.JPG" title="Abilimpix" /> </a></p>\r\n\r\n<p>It is conducted with the aim of developing the professional skills of citizens with disabilities, facilitating the employment of young specialists with disabilities, identifying and supporting talented children and youth from among citizens with disabilities.</p>\r\n\r\n<p>Participation in the competition will be accepted by young professionals recognized as disabled by the established procedure, or having limited opportunities for health, not more than 5 years completed the development of professional educational programs.</p>\r\n\r\n<p><b>The regional qualifying stage will be held according to 6 competencies:</b></p>\r\n\r\n<ul>\r\n	<li>Car repair and maintenance;</li>\r\n	<li>Painting;</li>\r\n	<li>Photo;</li>\r\n	<li>Cookery;</li>\r\n	<li>Masseur;</li>\r\n	<li>Engineering design (CAD) CAD.</li>\r\n</ul>\r\n\r\n<p>The winners of the regional stage will take part in the second National Championship "Abilimpix", which will be held in November this year.</p>\r\n\r\n<p>Find out more about the regional qualifying stage of the National Championship of Professional Excellence among citizens with disabilities Abilimpix</p>\r\n\r\n<p><b>Abilimpix</b> - the name of the competition for professional skills among disabled people.</p>\r\n\r\n<p><b>History</b></p>\r\n\r\n<p>For the first time competitions on professional skills among disabled people were held in Japan in 1953. Subsequently, these competitions have become international. Competitions are held by the International Federation Abilimpix (InternationalAbilympicFederation) since 1972 and already unite 46 countries.</p>\r\n\r\n<p><b>Abilimpix in Russia</b></p>\r\n\r\n<p>Since 2014, competitions for professional skills among disabled people are held in Russia. 1 national championship Abilimpix was held in 2015.</p>\r\n\r\n<p>The competition is held in 45 competencies for schoolchildren and young professionals, as well as in 6 competencies for schoolchildren. Regional centers of the Abilimpix movement are being created in Russian cities.</p>\r\n\r\n<p>The main organizer of the competition is the Russian State Social University. Various organizations act as experts-employers.</p>'),
	(19, 1, 'Галерея', '<div id="gallery" class="flexslider">\r\n  <ul class="slides">\r\n	<li data-thumb="/img/slide1.jpg">\r\n	  <img src="/img/slide1.jpg" />\r\n	</li>\r\n	<li data-thumb="/img/slide2.jpg">\r\n	  <img src="/img/slide2.jpg" />\r\n	</li>\r\n	<li data-thumb="/img/slide3.jpg">\r\n	  <img src="/img/slide3.jpg" />\r\n	</li>\r\n	<li data-thumb="/img/slide4.jpg">\r\n	  <img src="/img/slide4.jpg" />\r\n	</li>\r\n  </ul>\r\n</div>\r\n\r\n<script type="text/javascript">\r\n// Flexslider\r\n  $(\'#gallery.flexslider\').flexslider({\r\n	animation: "slide",\r\n	controlNav: "thumbnails",\r\n	start: function(slider){\r\n	  $(\'body\').removeClass(\'loading\');\r\n	}\r\n  });\r\n</script>'),
	(19, 2, 'Gallery', '<div id="gallery" class="flexslider">\r\n  <ul class="slides">\r\n	<li data-thumb="/img/slide1.jpg">\r\n	  <img src="/img/slide1.jpg" />\r\n	</li>\r\n	<li data-thumb="/img/slide2.jpg">\r\n	  <img src="/img/slide2.jpg" />\r\n	</li>\r\n	<li data-thumb="/img/slide3.jpg">\r\n	  <img src="/img/slide3.jpg" />\r\n	</li>\r\n	<li data-thumb="/img/slide4.jpg">\r\n	  <img src="/img/slide4.jpg" />\r\n	</li>\r\n  </ul>\r\n</div>\r\n\r\n<script type="text/javascript">\r\n// Flexslider\r\n  $(\'#gallery.flexslider\').flexslider({\r\n	animation: "slide",\r\n	controlNav: "thumbnails",\r\n	start: function(slider){\r\n	  $(\'body\').removeClass(\'loading\');\r\n	}\r\n  });\r\n</script>'),
	(20, 1, 'О колледже', '<p style="font-size: 16px;"><b>Новосибирский профессионально-педагогический колледж основан в 1956 году и на протяжении всего периода ведёт подготовку специалистов, востребованных на рынке труда. Воспитательно-образовательный процесс в колледже осуществляется на русском языке.</b></p>\r\n\r\n<p><b>Тип учреждения:</b> профессиональное образовательное учреждение.</p>\r\n<p><b>Почтовый адрес:</b> 630048, г.Новосибирск, ул.Немировича-Данченко, д.121</p>\r\n<p><i><u>Учереждение является некоммерческой организацией.</u></i></p>\r\n<p><b>Телефон:</b> (383) 314-93-66, 314-93-54</p>\r\n<p><b>Факс:</b> (383) 314-93-66</p>\r\n<p><b>E-mail:</b> <small>ppk54@yandex.ru</small></p>\r\n<p><b>Режим работы:</b></p>\r\n<p>Понедельник-Суббота: 08:00 - 20:00</p>\r\n<p>Воскресение: Выходной</p>\r\n<p><b>Девиз:</b> Качество профессиональной подготовки гарантируем.</p>\r\n<p><b>Миссия:</b> Подготовка конкурентоспособных профессионалов, востребованных временем и обществом.</p>\r\n<p><b>Местоположение:</b></p>\r\n<p><a class="thumbnail" href="/data/adverts/maps.jpg" title="Мы на карте"><img src="/data/adverts/maps.jpg" title="Мы на карте" /></a></p>'),
	(20, 2, 'About college', '<p style="font-size: 16px;"><b>Новосибирский профессионально-педагогический колледж основан в 1956 году и на протяжении всего периода ведёт подготовку специалистов, востребованных на рынке труда. Воспитательно-образовательный процесс в колледже осуществляется на русском языке.</b></p>\r\n\r\n<p><b>Тип учреждения:</b> профессиональное образовательное учреждение.</p>\r\n<p><b>Почтовый адрес:</b> 630048, г.Новосибирск, ул.Немировича-Данченко, д.121</p>\r\n<p><i><u>Учереждение является некоммерческой организацией.</u></i></p>\r\n<p><b>Телефон:</b> (383) 314-93-66, 314-93-54</p>\r\n<p><b>Факс:</b> (383) 314-93-66</p>\r\n<p><b>E-mail:</b> <small>ppk54@yandex.ru</small></p>\r\n<p><b>Режим работы:</b></p>\r\n<p>Понедельник-Суббота: 08:00 - 20:00</p>\r\n<p>Воскресение: Выходной</p>\r\n<p><b>Девиз:</b> Качество профессиональной подготовки гарантируем.</p>\r\n<p><b>Миссия:</b> Подготовка конкурентоспособных профессионалов, востребованных временем и обществом.</p>\r\n<p><b>Местоположение:</b></p>\r\n<p><a class="thumbnail" href="/data/adverts/maps.jpg" title="Мы на карте"><img src="/data/adverts/maps.jpg" title="Мы на карте" /></a></p>'),
	(22, 1, 'День студента', '<div class="main-news-single__image">\r\n    <a class="thumbnail" href="/data/adverts/DSC_0281.JPG"><img src="/data/adverts/DSC_0281.JPG" width="240" alt=""></a>\r\n</div>\r\n\r\n<p style="text-align: justify;">\r\n	<span style="font-size: 18px;font-family: \'Open Sans\', sans-serif;">Празднование Дня российского студента «Татьянин день» в Новосибирском профессионально - педагогическом колледже началось с праздничного утра. В фойе колледжа всех спешащих с утра на учебные занятия студентов встречали веселыми поздравлениями и теплыми пожеланиями активисты Совета обучающихся колледжа.</span>\r\n</p>\r\n\r\n<p style="text-align: justify;">\r\n	<span style="font-size: 18px;font-family: \'Open Sans\', sans-serif;">В актовом зале колледжа студентов ждала праздничная программа, которую украсили вокальные номера: Покидовой Анастасии «Останусь», (лауреат I степени областного фестиваля «Я вхожу в мир искусств»);</span>\r\n</p>\r\n\r\n<p style="text-align: justify;">\r\n	<span style="font-size: 18px;font-family: \'Open Sans\', sans-serif;">Кийковой Елизаветы и Морозовой Кристины «Сердце земли моей», (лауреаты I степени областного фестиваля «Я вхожу в мир искусств»).</span>\r\n</p>\r\n<span class="cut">\r\n<p style="text-align: justify;">\r\n	<span style="font-size: 18px;font-family: \'Open Sans\', sans-serif;">Оригинальным номером программы стал видеоролик, снятый Советом обучающихся колледжа о яркой, неповторимой, непредсказуемой студенческой жизни.</span>\r\n</p>\r\n\r\n<p style="text-align: justify;">\r\n	<span style="font-size: 18px;font-family: \'Open Sans\', sans-serif;">Вели праздничную программу Чуманов Дмитрий и Краснощекова Дарья.</span>\r\n</p style="text-align: justify;">\r\n\r\n<p style="text-align: justify;">\r\n	<span style="font-size: 18px;font-family: \'Open Sans\', sans-serif;">Еще раз поздравляем всех студентов с Татьяниным днем, и желаем успешной учебы, новых свершений и открытий.</span>\r\n</p style="text-align: justify;">\r\n\r\n<p style="text-align: right;">\r\n	<span style="font-size: 18px;font-family: \'Open Sans\', sans-serif;">Л.А. Корченица, педагог доп. образования</span>\r\n</p>\r\n</span>'),
	(22, 2, 'Student\'s day', '<div class="main-news-single__image">\r\n    <a class="thumbnail" href="/data/adverts/DSC_0281.JPG"><img src="/data/adverts/DSC_0281.JPG" width="240" alt=""></a>\r\n</div>\r\n\r\n<p style="text-align: justify;">\r\n	<span style="font-size: 18px;font-family: \'Open Sans\', sans-serif;">The celebration of the Day of the Russian Student "Tatyanin Day" at the Novosibirsk Vocational and Pedagogical College began on a festive morning. In the foyer of the college, all the students hurrying to attend classes in the morning were greeted with cheerful congratulations and warm wishes by the activists of the Board of Students of the College.</span>\r\n</p>\r\n\r\n<p style="text-align: justify;">\r\n	<span style="font-size: 18px;font-family: \'Open Sans\', sans-serif;">In the assembly hall of the college students waited for the festive program, which was decorated with vocal numbers:<br>\r\nAnastasiya Pokidova "Stay" (winner of the I degree of the regional festival "I Enter the World of Arts");</span>\r\n</p>\r\n\r\n<p style="text-align: justify;">\r\n	<span style="font-size: 18px;font-family: \'Open Sans\', sans-serif;">Kiykova Elizaveta and Morozova Kristina "The Heart of My Land", (laureates of the I degree of the regional festival "I Enter the World of Arts").</span>\r\n</p>\r\n<span class="cut">\r\n<p style="text-align: justify;">\r\n	<span style="font-size: 18px;font-family: \'Open Sans\', sans-serif;">The original number of the program was a video shot by the Board of College students about a bright, unique, unpredictable student life.</span>\r\n</p>\r\n\r\n<p style="text-align: justify;">\r\n	<span style="font-size: 18px;font-family: \'Open Sans\', sans-serif;">Have a festive program Chumanov Dmitry and Krasnoshchekova Daria.</span>\r\n</p style="text-align: justify;">\r\n\r\n<p style="text-align: justify;">\r\n	<span style="font-size: 18px;font-family: \'Open Sans\', sans-serif;">Once again we congratulate all students with Tatyana\'s day, and we wish successful studies, new achievements and discoveries.</span>\r\n</p style="text-align: justify;">\r\n\r\n<p style="text-align: right;">\r\n	<span style="font-size: 18px;font-family: \'Open Sans\', sans-serif;">L.A. Korcenica, the teacher of additional. of education</span>\r\n</p>\r\n</span>'),
	(23, 1, 'World Skills Russia', '&lt;div class=&quot;main-news-single__image&quot;&gt;\r\n    &lt;a class=&quot;thumbnail&quot; href=&quot;/data/banner/3.jpg&quot;&gt;&lt;img src=&quot;/data/banner/3.jpg&quot; width=&quot;240&quot; alt=&quot;&quot;&gt;&lt;/a&gt;\r\n&lt;/div&gt;\r\n&lt;p class=&quot;text-align-justify&quot;&gt;Новосибирский профессионально-педагогический колледж станет базовой площадкой для студентов  профессиональных образовательных учреждений Новосибирской области по четырем компетенциям - «Звукорежиссура», «Фотография», «IT-программные решения для бизнеса на платформе 1С Предприятие», «Видеопроизводство». Впервые на базе нашего колледжа будет работать площадка для юниоров по компетенции «Видеопроизводство».&lt;/p&gt;\r\n&lt;p class=&quot;text-align-justify&quot;&gt;А также мы планируем участвовать по компетенциям «Графический дизайн», «Инженерный дизайн CAD (САПР)», «Прототипирование», «Геодезия», «Промышленный дизайн», «Столярное дело», «Программные решения для бизнеса». В настоящее время команда колледжа активно готовится к чемпионату.&lt;/p&gt;\r\n&lt;span class=&quot;cut&quot;&gt;\r\n&lt;p class=&quot;text-align-justify&quot;&gt;Всего 36 студентов нашего колледжа продемонстрируют свои профессиональные знания по 11 компетенциям.&lt;/p&gt;\r\n&lt;p class=&quot;text-align-justify&quot;&gt;Чемпионат профессионального мастерства пройдет в нашем регионе в 5-й раз, по 51 компетенции (в том числе 10 компетенций юниоров Ворлдскиллс в возрасте 14-16 лет), на 28 площадках. 400 конкурсантов и более 400 экспертов из 50 профессиональных образовательных учреждений Новосибирской области  примут участие в чемпионате. По количеству компетенций это один из самых масштабных чемпионатов среди субъектов Российской Федерации.&lt;/p&gt;\r\n&lt;p class=&quot;text-align-justify&quot;&gt;Цель проведения регионального чемпионата WSR - профессиональная ориентация молодежи, а также внедрение в систему профессионального образования Новосибирской области лучших национальных и международных практик по определенным направлениям, в том числе выявление лучших представителей профессий как в возрасте от 16 до 22 лет, так и в возрасте 14-16 лет.&lt;/p&gt;\r\n&lt;p class=&quot;text-align-justify&quot;&gt;Торжественное открытие чемпионата состоится 5 февраля в 13-30 в Театрально-концертном зале «Евразия».&lt;/p&gt;\r\n&lt;p class=&quot;text-align-justify&quot;&gt;Во время проведения чемпионата предусмотрено проведение соревновательной, деловой и профориентационной программы. &lt;/p&gt;\r\n&lt;p class=&quot;text-align-justify&quot;&gt;Конкурсные задания представляют собой серию из независимых модулей, ориентированных на выявление разнообразных умений в области определенной компетенции. Каждый модуль потребует продемонстрировать понимание нескольких аспектов из определенной области. На выполнение каждого конкурсного задания отводится 4-16 часов рабочего времени, в течение 3 дней соревнований. Оценивает соревнования   Жюри - группа Экспертов, куда входит Главный эксперт. Жюри назначается по каждой конкурсной компетенции.&lt;/p&gt;\r\n&lt;p class=&quot;text-align-justify&quot;&gt;В рамках профориентационной программы  учащиеся общеобразовательных организаций посетят площадки (профессиональных образовательных учреждений), на которых пройдут соревнования. Для школьников будут организованы экскурсии, мастер-классы, профессиональные пробы и другие мероприятия.&lt;/p&gt;\r\n&lt;p class=&quot;text-align-justify&quot;&gt;В рамках деловой программы планируется проведение различных мероприятий.&lt;br&gt;\r\n8 февраля  на базе нашего колледжа состоится круглый стол для методистов и педагогических работников, осуществляющих инклюзивное обучение и работающих с обучающимися с ОВЗ и инвалидностью общеобразовательных и профессиональных образовательных организаций Новосибирской области. Тема - особенности развития профессиональных компетенций у нормативно здоровых обучающихся и обучающихся с нарушением здоровья.&lt;/p&gt;\r\n&lt;p class=&quot;text-align-justify&quot;&gt;9 февраля в 12.00, в Государственном концертном зале им. А.М. Каца, в рамках торжественного закрытия чемпионата, состоится награждение победителей и призеров.&lt;/p&gt;\r\n&lt;p class=&quot;text-align-justify&quot;&gt;Желаем нашим участникам достойно выступить, успеха и победы!!!&lt;/p&gt;\r\n&lt;p class=&quot;text-align-right&quot;&gt;Л.С. Рыболовлева,&lt;/p&gt;\r\n&lt;p class=&quot;text-align-right&quot;&gt;заведующий библиотекой&lt;/p&gt;\r\n&lt;/span&gt;'),
	(23, 2, 'World Skills Russia', '&lt;div class=&quot;main-news-single__image&quot;&gt;\r\n    &lt;a class=&quot;thumbnail&quot; href=&quot;/data/banner/3.jpg&quot;&gt;&lt;img src=&quot;/data/banner/3.jpg&quot; alt=&quot;&quot; width=&quot;240&quot;&gt;&lt;/a&gt;\r\n&lt;/div&gt;\r\n&lt;p class=&quot;text-align-justify&quot;&gt;&lt;span id=&quot;result_box&quot; class=&quot;&quot; lang=&quot;en&quot;&gt;&lt;span title=&quot;Новосибирский профессионально-педагогический колледж станет базовой площадкой для студентов  профессиональных образовательных учреждений Новосибирской области по четырем компетенциям - «Звукорежиссура», «Фотография», «IT-программные решения для бизнеса на платформе 1С Предприятие», «Видеопроизводство».&quot;&gt;Novosibirsk\r\n Vocational and Pedagogical College will become the base platform for \r\nstudents of professional educational institutions of the Novosibirsk \r\nregion in four areas of competence - Sound Production, Photography, \r\nIT-Software Solutions for Business on the 1C Enterprise Platform, Video \r\nProduction. &lt;/span&gt;&lt;span title=&quot;Впервые на базе нашего колледжа будет работать площадка для юниоров по компетенции «Видеопроизводство».\r\n\r\n&quot;&gt;For the first time on the basis of our college there will be a playground for juniors in the competence of &quot;Video Production&quot;.&lt;br&gt;&lt;br&gt;&lt;/span&gt;&lt;span title=&quot;А также мы планируем участвовать по компетенциям «Графический дизайн», «Инженерный дизайн CAD (САПР)», «Прототипирование», «Геодезия», «Промышленный дизайн», «Столярное дело», «Программные решения для бизнеса».&quot;&gt;And\r\n also we plan to participate in the competencies &quot;Graphic design&quot;, &quot;CAD \r\ndesign (CAD)&quot;, &quot;Prototyping&quot;, &quot;Geodesy&quot;, &quot;Industrial design&quot;, &quot;Joinery&quot;,\r\n &quot;Software solutions for business.&quot; &lt;/span&gt;&lt;span title=&quot;В настоящее время команда колледжа активно готовится к чемпионату.\r\n\r\n&quot;&gt;Currently, the college team is actively preparing for the championship.&lt;br&gt;&lt;br&gt;&lt;/span&gt;&lt;span title=&quot;Всего 36 студентов нашего колледжа продемонстрируют свои профессиональные знания по 11 компетенциям.\r\n\r\n&quot;&gt;A total of 36 students of our college will demonstrate their professional knowledge in 11 competencies.&lt;br&gt;&lt;br&gt;&lt;/span&gt;&lt;span title=&quot;Чемпионат профессионального мастерства пройдет в нашем регионе в 5-й раз, по 51 компетенции (в том числе 10 компетенций юниоров Ворлдскиллс в возрасте 14-16 лет), на 28 площадках.&quot;&gt;The\r\n championship of professional skill will be held in our region for the \r\nfifth time, according to 51 competences (including 10 competencies of \r\nWorldsells juniors aged 14-16), at 28 sites. &lt;/span&gt;&lt;span title=&quot;400 конкурсантов и более 400 экспертов из 50 профессиональных образовательных учреждений Новосибирской области  примут участие в чемпионате.&quot;&gt;400\r\n contestants and more than 400 experts from 50 professional educational \r\ninstitutions of the Novosibirsk region will participate in the \r\nchampionship. &lt;/span&gt;&lt;span title=&quot;По количеству компетенций это один из самых масштабных чемпионатов среди субъектов Российской Федерации.\r\n\r\n&quot;&gt;By the number of competencies this is one of the most ambitious championships among the subjects of the Russian Federation.&lt;br&gt;&lt;br&gt;&lt;/span&gt;&lt;span title=&quot;Цель проведения регионального чемпионата WSR - профессиональная ориентация молодежи, а также внедрение в систему профессионального образования Новосибирской области лучших национальных и международных практик по определенным направлениям, в том числе выявление лучших представителей профессий как в возрасте от 16 до 22 лет, так и в возрасте 14-&quot;&gt;The\r\n purpose of the WSR regional championship is the professional \r\norientation of young people, as well as the introduction of the best \r\nnational and international practices in certain areas in the vocational \r\neducation system of the Novosibirsk region, including the identification\r\n of the best representatives of professions, both between the ages of 16\r\n and 22, and at the age of 14, &lt;/span&gt;&lt;span title=&quot;16 лет.\r\n\r\n&quot;&gt;16 years.&lt;br&gt;&lt;br&gt;&lt;/span&gt;&lt;span title=&quot;Торжественное открытие чемпионата состоится 5 февраля в 13-30 в Театрально-концертном зале «Евразия».\r\n\r\n&quot;&gt;The grand opening of the championship will be held on February 5 at 13:30 in the Theater and Concert Hall &quot;Eurasia&quot;.&lt;br&gt;&lt;br&gt;&lt;/span&gt;&lt;span title=&quot;Во время проведения чемпионата предусмотрено проведение соревновательной, деловой и профориентационной программы.\r\n\r\n&quot;&gt;During the championship it is planned to conduct a competitive, business and career-oriented program.&lt;br&gt;&lt;br&gt;&lt;/span&gt;&lt;span title=&quot;Конкурсные задания представляют собой серию из независимых модулей, ориентированных на выявление разнообразных умений в области определенной компетенции.&quot;&gt;Competition\r\n tasks are a series of independent modules aimed at identifying a \r\nvariety of skills in the field of specific competencies. &lt;/span&gt;&lt;span title=&quot;Каждый модуль потребует продемонстрировать понимание нескольких аспектов из определенной области.&quot;&gt;Each module will require demonstrating an understanding of several aspects from a particular area. &lt;/span&gt;&lt;span title=&quot;На выполнение каждого конкурсного задания отводится 4-16 часов рабочего времени, в течение 3 дней соревнований.&quot;&gt;Each competition task is assigned 4-16 hours of working time, during 3 days of the competition. &lt;/span&gt;&lt;span title=&quot;Оценивает соревнования   Жюри - группа Экспертов, куда входит Главный эксперт.&quot;&gt;Evaluates the competition Jury - a group of experts, which includes the Chief Expert. &lt;/span&gt;&lt;span title=&quot;Жюри назначается по каждой конкурсной компетенции.\r\n\r\n&quot;&gt;The jury is appointed for each competitive competence.&lt;br&gt;&lt;br&gt;&lt;/span&gt;&lt;span title=&quot;В рамках профориентационной программы  учащиеся общеобразовательных организаций посетят площадки (профессиональных образовательных учреждений), на которых пройдут соревнования.&quot;&gt;Within\r\n the vocational guidance program, students of general education \r\norganizations will visit sites (professional educational institutions) \r\nwhere competitions will be held. &lt;/span&gt;&lt;span title=&quot;Для школьников будут организованы экскурсии, мастер-классы, профессиональные пробы и другие мероприятия.\r\n\r\n&quot;&gt;For schoolchildren, excursions, master classes, professional tests and other events will be organized.&lt;br&gt;&lt;br&gt;&lt;/span&gt;&lt;span title=&quot;В рамках деловой программы планируется проведение различных мероприятий.\r\n&quot;&gt;As part of the business program, various events are planned.&lt;br&gt;&lt;/span&gt;&lt;span title=&quot;8 февраля  на базе нашего колледжа состоится круглый стол для методистов и педагогических работников, осуществляющих инклюзивное обучение и работающих с обучающимися с ОВЗ и инвалидностью общеобразовательных и профессиональных образовательных организаций Новосибирской области.&quot;&gt;On\r\n February 8, on the basis of our college, a round table will be held for\r\n methodologists and pedagogical workers engaged in inclusive education \r\nand working with students with HIA and disability of general education \r\nand professional educational organizations of the Novosibirsk region. &lt;/span&gt;&lt;span title=&quot;Тема - особенности развития профессиональных компетенций у нормативно здоровых обучающихся и обучающихся с нарушением здоровья.\r\n\r\n&quot;&gt;Theme - the features of the development of professional competencies \r\nfor normatively healthy students and students with a disability.&lt;br&gt;&lt;br&gt;&lt;/span&gt;&lt;span title=&quot;9 февраля в 12.00, в Государственном концертном зале им.&quot;&gt;February 9 at 12.00, in the State Concert Hall. &lt;/span&gt;&lt;span title=&quot;А. М. Каца, в рамках торжественного закрытия чемпионата, состоится награждение победителей и призеров.\r\n\r\n&quot;&gt;AM Kats, within the solemn closing of the championship, the winners and prize winners will be awarded.&lt;br&gt;&lt;br&gt;&lt;/span&gt;&lt;span title=&quot;Желаем нашим участникам достойно выступить, успеха и победы!!!\r\n\r\n&quot;&gt;We wish our participants to act with dignity, success and victory !!!&lt;br&gt;&lt;br&gt;&lt;/span&gt;&lt;span title=&quot;Л.С.&quot;&gt;L.S. &lt;/span&gt;&lt;span title=&quot;Рыболовлева,\r\n\r\n&quot;&gt;Rybolovleva,&lt;br&gt;&lt;br&gt;&lt;/span&gt;&lt;span title=&quot;заведующий библиотекой&quot;&gt;the head of the library&lt;/span&gt;&lt;/span&gt;&lt;/p&gt;&lt;span class=&quot;cut&quot;&gt;\r\n&lt;/span&gt;'),
	(24, 1, 'Стоимость платных образовательных услуг', '<table class="table table-bordered" width="1898" height="531">\r\n	<tbody>\r\n		<tr>\r\n			<td>\r\n				<span style="font-size: 18px;">Перечень услуг</span>\r\n			</td>\r\n			<td>\r\n				<span style="font-size: 18px;">Стоимость</span>\r\n			</td>\r\n		</tr>\r\n		<tr>\r\n			<td>\r\n				<p><b>Образовательные услуги очной формы обучения по программам среднего профессионального образования</b></p>\r\n				<ul>\r\n					<li>09.02.05 Прикладная информатика (по отраслям)</li>\r\n					<li>21.02.05 Земельно-имущественные отношения</li>\r\n					<li>35.02.12 Садово-парковое и ландшафтное строительство</li>\r\n					<li>10.02.03 Информационная безопасность автоматизированных систем</li>\r\n					<li>40.02.01 Право и организация социального обеспечения</li>\r\n					<li>44.02.06 Профессиональное обучение по отраслям</li>\r\n				</ul>\r\n			</td>\r\n			<td rowspan="3" align="center">\r\n				<b>т. 314-94-66</b>\r\n			</td>\r\n		</tr>\r\n		<tr>\r\n			<td><p><b>Образовательные услуги заочной формы обучения по программам среднего профессионального образования</b></p>\r\n				<ul>\r\n					<li>40.02.01 Право и организация социального обеспечения</li>\r\n					<li>21.02.05 Земельно-имущественные отношения</li>\r\n					<li>44.02.06 Профессиональное обучение по отраслям</li>\r\n				</ul>\r\n			</td>\r\n		</tr>\r\n		<tr>\r\n			<td>\r\n				<p><b>Образовательные услуги заочной формы обучения в соответствии с индивидуальными планами обучения по программам среднего профессионального образования</b></p>\r\n				<ul>\r\n					<li>44.02.06 Профессиональное обучение по отраслям</li>\r\n					<li>21.02.05 Земельно-имущественные отношения</li>\r\n					<li>40.02.01 Право и организация социального обеспечения</li>\r\n				</ul>\r\n			</td>\r\n		</tr>\r\n	</tbody>\r\n</table>'),
	(24, 2, 'The cost of paid educational services', '<table class="table table-bordered" width="1898" height="531">\r\n	<tbody>\r\n		<tr>\r\n			<td>\r\n				<span style="font-size: 18px;">Перечень услуг</span>\r\n			</td>\r\n			<td>\r\n				<span style="font-size: 18px;">Стоимость</span>\r\n			</td>\r\n		</tr>\r\n		<tr>\r\n			<td>\r\n				<p><b>Образовательные услуги очной формы обучения по программам среднего профессионального образования</b></p>\r\n				<ul>\r\n					<li>09.02.05 Прикладная информатика (по отраслям)</li>\r\n					<li>21.02.05 Земельно-имущественные отношения</li>\r\n					<li>35.02.12 Садово-парковое и ландшафтное строительство</li>\r\n					<li>10.02.03 Информационная безопасность автоматизированных систем</li>\r\n					<li>40.02.01 Право и организация социального обеспечения</li>\r\n					<li>44.02.06 Профессиональное обучение по отраслям</li>\r\n				</ul>\r\n			</td>\r\n			<td rowspan="3" align="center">\r\n				<b>т. 314-94-66</b>\r\n			</td>\r\n		</tr>\r\n		<tr>\r\n			<td><p><b>Образовательные услуги заочной формы обучения по программам среднего профессионального образования</b></p>\r\n				<ul>\r\n					<li>40.02.01 Право и организация социального обеспечения</li>\r\n					<li>21.02.05 Земельно-имущественные отношения</li>\r\n					<li>44.02.06 Профессиональное обучение по отраслям</li>\r\n				</ul>\r\n			</td>\r\n		</tr>\r\n		<tr>\r\n			<td>\r\n				<p><b>Образовательные услуги заочной формы обучения в соответствии с индивидуальными планами обучения по программам среднего профессионального образования</b></p>\r\n				<ul>\r\n					<li>44.02.06 Профессиональное обучение по отраслям</li>\r\n					<li>21.02.05 Земельно-имущественные отношения</li>\r\n					<li>40.02.01 Право и организация социального обеспечения</li>\r\n				</ul>\r\n			</td>\r\n		</tr>\r\n	</tbody>\r\n</table>'),
	(25, 1, 'Наши достижения', '<div class="clearfix">\r\n	<div class="main-news-single__image">\r\n	    <a class="thumbnail" href="/data/adverts/71.png"><img src="/data/adverts/71.png" width="140" alt=""></a>\r\n	</div>\r\n	<p class="text-align-justify">Золотая медаль «Европейское качество» в номинации «100 лучших ССУЗов России»</p>\r\n</div>\r\n\r\n<div class="clearfix">\r\n	<div class="main-news-single__image">\r\n	    <a class="thumbnail" href="/data/adverts/72.jpg"><img src="/data/adverts/72.jpg" width="140" alt=""></a>\r\n	</div>\r\n	<p class="text-align-justify">Медаль «Новосибирская марка» в сфере образовательной деятельности в номинации «За устойчивое развитие на рынке образовательных услуг»</p>\r\n	<p class="text-align-justify">Медаль «Новосибирская марка» в сфере образовательной деятельности в номинации «Современные образовательные технологии»</p>\r\n</div>\r\n\r\n<div class="clearfix">\r\n	<div class="main-news-single__image">\r\n	    <a class="thumbnail" href="/data/adverts/31_12_08.jpg"><img src="/data/adverts/31_12_08.jpg" width="140" alt=""></a>\r\n	</div>\r\n	<p class="text-align-justify">Орден «За профессиональную честь, достоинство и почетную деловую репутацию» III степени</p>\r\n</div>\r\n\r\n<div class="clearfix">\r\n	<div class="main-news-single__image">\r\n	    <a class="thumbnail" href="/data/adverts/wGYkUZewk1E.jpg"><img src="/data/adverts/wGYkUZewk1E.jpg" width="140" alt=""></a>\r\n	</div>\r\n	<p class="text-align-justify">Наградной знак по итогам V Регионального чемпионата «Молодые профессионалы» (WorldSkills Russia-2018)»  «Лучшая команда чемпионата»</p>\r\n</div>'),
	(25, 2, 'Our achievements', '<div class="clearfix">\r\n	<div class="main-news-single__image">\r\n	    <a class="thumbnail" href="/data/adverts/71.png"><img src="/data/adverts/71.png" width="140" alt=""></a>\r\n	</div>\r\n	<p class="text-align-justify">Золотая медаль «Европейское качество» в номинации «100 лучших ССУЗов России»</p>\r\n</div>\r\n\r\n<div class="clearfix">\r\n	<div class="main-news-single__image">\r\n	    <a class="thumbnail" href="/data/adverts/72.jpg"><img src="/data/adverts/72.jpg" width="140" alt=""></a>\r\n	</div>\r\n	<p class="text-align-justify">Медаль «Новосибирская марка» в сфере образовательной деятельности в номинации «За устойчивое развитие на рынке образовательных услуг»</p>\r\n	<p class="text-align-justify">Медаль «Новосибирская марка» в сфере образовательной деятельности в номинации «Современные образовательные технологии»</p>\r\n</div>\r\n\r\n<div class="clearfix">\r\n	<div class="main-news-single__image">\r\n	    <a class="thumbnail" href="/data/adverts/31_12_08.jpg"><img src="/data/adverts/31_12_08.jpg" width="140" alt=""></a>\r\n	</div>\r\n	<p class="text-align-justify">Орден «За профессиональную честь, достоинство и почетную деловую репутацию» III степени</p>\r\n</div>\r\n\r\n<div class="clearfix">\r\n	<div class="main-news-single__image">\r\n	    <a class="thumbnail" href="/data/adverts/wGYkUZewk1E.jpg"><img src="/data/adverts/wGYkUZewk1E.jpg" width="140" alt=""></a>\r\n	</div>\r\n	<p class="text-align-justify">Наградной знак по итогам V Регионального чемпионата «Молодые профессионалы» (WorldSkills Russia-2018)»  «Лучшая команда чемпионата»</p>\r\n</div>');
/*!40000 ALTER TABLE `blogs_description` ENABLE KEYS */;

-- Дамп структуры для таблица yii_nppk_advanced.blogs_menu
CREATE TABLE IF NOT EXISTS `blogs_menu` (
  `id` int(11) NOT NULL AUTO_INCREMENT,
  `parent_id` int(11) NOT NULL DEFAULT '0',
  `slug` varchar(255) NOT NULL,
  `published` tinyint(1) NOT NULL DEFAULT '1',
  `sort_order` int(3) NOT NULL DEFAULT '0',
  `created_by` int(11) DEFAULT NULL,
  `updated_by` int(11) DEFAULT NULL,
  `created_at` int(11) NOT NULL,
  `updated_at` int(11) NOT NULL,
  PRIMARY KEY (`id`),
  UNIQUE KEY `slug` (`slug`),
  KEY `FK_blogs_menu_users_created` (`created_by`),
  KEY `FK_blogs_menu_users_updated` (`updated_by`),
  CONSTRAINT `FK_blogs_menu_users_created` FOREIGN KEY (`created_by`) REFERENCES `users` (`id`) ON DELETE SET NULL ON UPDATE CASCADE,
  CONSTRAINT `FK_blogs_menu_users_updated` FOREIGN KEY (`updated_by`) REFERENCES `users` (`id`) ON DELETE SET NULL ON UPDATE CASCADE
) ENGINE=InnoDB AUTO_INCREMENT=8 DEFAULT CHARSET=utf8;

-- Дамп данных таблицы yii_nppk_advanced.blogs_menu: ~7 rows (приблизительно)
/*!40000 ALTER TABLE `blogs_menu` DISABLE KEYS */;
INSERT INTO `blogs_menu` (`id`, `parent_id`, `slug`, `published`, `sort_order`, `created_by`, `updated_by`, `created_at`, `updated_at`) VALUES
	(1, 0, 'news', 1, 0, 1, 1, 0, 0),
	(2, 0, 'professions', 1, 2, 1, 1, 0, 0),
	(3, 0, 'mp', 1, 3, 1, 1, 0, 0),
	(4, 0, 'gallery', 0, 6, 1, 1, 0, 0),
	(5, 0, 'about', 1, 5, 1, 1, 0, 0),
	(6, 0, 'platnoye-obrazovaniye', 1, 1, 1, 1, 0, 0),
	(7, 0, 'nashi-dostzhenia', 1, 7, 1, 1, 0, 0);
/*!40000 ALTER TABLE `blogs_menu` ENABLE KEYS */;

-- Дамп структуры для таблица yii_nppk_advanced.blogs_menu_description
CREATE TABLE IF NOT EXISTS `blogs_menu_description` (
  `blog_menu_id` int(11) NOT NULL,
  `language_id` int(11) NOT NULL,
  `name` varchar(255) NOT NULL,
  `description` text,
  KEY `FK_blogs_menu_description_blogs_menu` (`blog_menu_id`),
  KEY `FK_blogs_menu_description_languages` (`language_id`),
  CONSTRAINT `FK_blogs_menu_description_blogs_menu` FOREIGN KEY (`blog_menu_id`) REFERENCES `blogs_menu` (`id`) ON DELETE CASCADE ON UPDATE CASCADE,
  CONSTRAINT `FK_blogs_menu_description_languages` FOREIGN KEY (`language_id`) REFERENCES `languages` (`id`) ON DELETE CASCADE ON UPDATE CASCADE
) ENGINE=InnoDB DEFAULT CHARSET=utf8;

-- Дамп данных таблицы yii_nppk_advanced.blogs_menu_description: ~14 rows (приблизительно)
/*!40000 ALTER TABLE `blogs_menu_description` DISABLE KEYS */;
INSERT INTO `blogs_menu_description` (`blog_menu_id`, `language_id`, `name`, `description`) VALUES
	(1, 1, 'Новости', ''),
	(1, 2, 'News', NULL),
	(2, 1, 'Специальности', NULL),
	(2, 2, 'Specialties', NULL),
	(3, 1, 'Мероприятия', NULL),
	(3, 2, 'Events', NULL),
	(4, 1, 'Галерея', ''),
	(4, 2, 'Gallery', ''),
	(5, 1, 'О нас', NULL),
	(5, 2, 'About Us', NULL),
	(6, 1, 'Платное образование', NULL),
	(6, 2, 'Paid education', NULL),
	(7, 1, 'Наши достижения', NULL),
	(7, 2, 'Our achievements', NULL);
/*!40000 ALTER TABLE `blogs_menu_description` ENABLE KEYS */;

-- Дамп структуры для таблица yii_nppk_advanced.groups
CREATE TABLE IF NOT EXISTS `groups` (
  `id` int(11) NOT NULL AUTO_INCREMENT,
  `name` varchar(255) NOT NULL,
  `sort_order` int(3) NOT NULL DEFAULT '0',
  `published` tinyint(1) NOT NULL DEFAULT '1',
  `created_by` int(11) DEFAULT NULL,
  `updated_by` int(11) DEFAULT NULL,
  `created_at` int(11) NOT NULL,
  `updated_at` int(11) NOT NULL,
  PRIMARY KEY (`id`),
  KEY `FK_groups_users_created` (`created_by`),
  KEY `FK_groups_users_updated` (`updated_by`),
  CONSTRAINT `FK_groups_users_created` FOREIGN KEY (`created_by`) REFERENCES `users` (`id`) ON DELETE SET NULL ON UPDATE CASCADE,
  CONSTRAINT `FK_groups_users_updated` FOREIGN KEY (`updated_by`) REFERENCES `users` (`id`) ON DELETE SET NULL ON UPDATE CASCADE
) ENGINE=InnoDB AUTO_INCREMENT=30 DEFAULT CHARSET=utf8 COMMENT='Список групп учащихся';

-- Дамп данных таблицы yii_nppk_advanced.groups: ~29 rows (приблизительно)
/*!40000 ALTER TABLE `groups` DISABLE KEYS */;
INSERT INTO `groups` (`id`, `name`, `sort_order`, `published`, `created_by`, `updated_by`, `created_at`, `updated_at`) VALUES
	(1, '101', 0, 1, 1, NULL, 0, 0),
	(2, '121', 0, 1, 1, NULL, 0, 0),
	(3, '141', 0, 1, 1, NULL, 0, 0),
	(4, '181', 0, 1, 1, NULL, 0, 0),
	(5, '201', 0, 1, 1, NULL, 0, 0),
	(6, '221', 0, 1, 1, NULL, 0, 0),
	(7, '222', 0, 1, 1, NULL, 0, 0),
	(8, '241', 0, 1, 1, NULL, 0, 0),
	(9, '261', 0, 1, 1, NULL, 0, 0),
	(10, '271', 0, 1, 1, NULL, 0, 0),
	(11, '281', 0, 1, 1, NULL, 0, 0),
	(12, '291', 0, 1, 1, NULL, 0, 0),
	(13, '301', 0, 1, 1, NULL, 0, 0),
	(14, '321', 0, 1, 1, NULL, 0, 0),
	(15, '341', 0, 1, 1, NULL, 0, 0),
	(16, '351', 0, 1, 1, NULL, 0, 0),
	(17, '361', 0, 1, 1, NULL, 0, 0),
	(18, '381', 0, 1, 1, NULL, 0, 0),
	(19, '391', 0, 1, 1, NULL, 0, 0),
	(20, '401', 0, 1, 1, NULL, 0, 0),
	(21, '421', 0, 1, 1, NULL, 0, 0),
	(22, '441', 0, 1, 1, NULL, 0, 0),
	(23, '442', 0, 1, 1, NULL, 0, 0),
	(24, '443', 0, 1, 1, NULL, 0, 0),
	(25, '461', 0, 1, 1, NULL, 0, 0),
	(26, '481', 0, 1, 1, NULL, 0, 0),
	(27, '521', 0, 1, 1, NULL, 0, 0),
	(28, '541', 0, 1, 1, NULL, 0, 0),
	(29, '542', 0, 1, 1, NULL, 0, 0);
/*!40000 ALTER TABLE `groups` ENABLE KEYS */;

-- Дамп структуры для таблица yii_nppk_advanced.images
CREATE TABLE IF NOT EXISTS `images` (
  `id` int(11) NOT NULL AUTO_INCREMENT,
  `src` varchar(255) NOT NULL,
  `created_by` int(11) DEFAULT NULL,
  `updated_by` int(11) DEFAULT NULL,
  `created_at` int(11) NOT NULL,
  `updated_at` int(11) NOT NULL,
  PRIMARY KEY (`id`),
  UNIQUE KEY `src` (`src`),
  KEY `FK_images_users_created` (`created_by`),
  KEY `FK_images_users_updated` (`updated_by`),
  CONSTRAINT `FK_images_users_created` FOREIGN KEY (`created_by`) REFERENCES `users` (`id`) ON DELETE SET NULL ON UPDATE CASCADE,
  CONSTRAINT `FK_images_users_updated` FOREIGN KEY (`updated_by`) REFERENCES `users` (`id`) ON DELETE SET NULL ON UPDATE CASCADE
) ENGINE=InnoDB AUTO_INCREMENT=155 DEFAULT CHARSET=utf8;

-- Дамп данных таблицы yii_nppk_advanced.images: ~153 rows (приблизительно)
/*!40000 ALTER TABLE `images` DISABLE KEYS */;
INSERT INTO `images` (`id`, `src`, `created_by`, `updated_by`, `created_at`, `updated_at`) VALUES
	(1, '/data/rooms/gym1.JPG', 1, NULL, 0, 0),
	(2, '/data/rooms/gym2.JPG', 1, NULL, 0, 0),
	(3, '/data/rooms/gym3.JPG', 1, NULL, 0, 0),
	(4, '/data/rooms/gym1_1.JPG', 1, NULL, 0, 0),
	(5, '/data/rooms/gym1_2.JPG', 1, NULL, 0, 0),
	(6, '/data/rooms/gym1_3.JPG', 1, NULL, 0, 0),
	(7, '/data/rooms/gym1_4.JPG', 1, NULL, 0, 0),
	(8, '/data/rooms/gym1_5.JPG', 1, NULL, 0, 0),
	(9, '/data/rooms/kab4_1.JPG', 1, NULL, 0, 0),
	(10, '/data/rooms/kab4_2.JPG', 1, NULL, 0, 0),
	(11, '/data/rooms/kab4_3.JPG', 1, NULL, 0, 0),
	(12, '/data/rooms/kab4_4.JPG', 1, NULL, 0, 0),
	(13, '/data/rooms/kab5_1.JPG', 1, NULL, 0, 0),
	(14, '/data/rooms/kab5_2.JPG', 1, NULL, 0, 0),
	(15, '/data/rooms/kab5_3.JPG', 1, NULL, 0, 0),
	(16, '/data/rooms/kab5_4.JPG', 1, NULL, 0, 0),
	(17, '/data/rooms/kab6_1.JPG', 1, NULL, 0, 0),
	(18, '/data/rooms/kab6_2.JPG', 1, NULL, 0, 0),
	(19, '/data/rooms/kab6_3.JPG', 1, NULL, 0, 0),
	(20, '/data/rooms/kab6_4.JPG', 1, NULL, 0, 0),
	(21, '/data/rooms/kab6_5.JPG', 1, NULL, 0, 0),
	(22, '/data/rooms/kab6_6.JPG', 1, NULL, 0, 0),
	(23, '/data/rooms/kab201_1.JPG', 1, NULL, 0, 0),
	(24, '/data/rooms/kab201_2.JPG', 1, NULL, 0, 0),
	(25, '/data/rooms/kab201_3.JPG', 1, NULL, 0, 0),
	(26, '/data/rooms/kab201_4.JPG', 1, NULL, 0, 0),
	(27, '/data/rooms/kab201_5.JPG', 1, NULL, 0, 0),
	(28, '/data/rooms/kab201_6.JPG', 1, NULL, 0, 0),
	(29, '/data/rooms/kab205_1.JPG', 1, NULL, 0, 0),
	(30, '/data/rooms/kab205_2.JPG', 1, NULL, 0, 0),
	(31, '/data/rooms/kab205_3.JPG', 1, NULL, 0, 0),
	(32, '/data/rooms/kab207_1.JPG', 1, NULL, 0, 0),
	(33, '/data/rooms/kab207_2.JPG', 1, NULL, 0, 0),
	(34, '/data/rooms/kab207_3.JPG', 1, NULL, 0, 0),
	(35, '/data/rooms/kab207_4.JPG', 1, NULL, 0, 0),
	(36, '/data/rooms/kab207_5.JPG', 1, NULL, 0, 0),
	(37, '/data/rooms/kab207_6.JPG', 1, NULL, 0, 0),
	(38, '/data/rooms/kab208_1.JPG', 1, NULL, 0, 0),
	(39, '/data/rooms/kab208_2.JPG', 1, NULL, 0, 0),
	(40, '/data/rooms/kab208_3.JPG', 1, NULL, 0, 0),
	(41, '/data/rooms/kab208_4.JPG', 1, NULL, 0, 0),
	(42, '/data/rooms/kab208_5.JPG', 1, NULL, 0, 0),
	(43, '/data/rooms/kab209_1.JPG', 1, NULL, 0, 0),
	(44, '/data/rooms/kab209_2.JPG', 1, NULL, 0, 0),
	(45, '/data/rooms/kab209_3.JPG', 1, NULL, 0, 0),
	(46, '/data/rooms/kab209_4.JPG', 1, NULL, 0, 0),
	(47, '/data/rooms/kab209_5.JPG', 1, NULL, 0, 0),
	(48, '/data/rooms/kab209_6.JPG', 1, NULL, 0, 0),
	(49, '/data/rooms/kab308_1.JPG', 1, NULL, 0, 0),
	(50, '/data/rooms/kab308_2.JPG', 1, NULL, 0, 0),
	(51, '/data/rooms/kab308_3.JPG', 1, NULL, 0, 0),
	(52, '/data/rooms/kab308_4.JPG', 1, NULL, 0, 0),
	(53, '/data/rooms/kz1.JPG', 1, NULL, 0, 0),
	(54, '/data/rooms/kz2.JPG', 1, NULL, 0, 0),
	(55, '/data/rooms/kz3.JPG', 1, NULL, 0, 0),
	(56, '/data/rooms/kz4.JPG', 1, NULL, 0, 0),
	(57, '/data/rooms/kz5.JPG', 1, NULL, 0, 0),
	(58, '/data/rooms/kab4_5.JPG', 1, NULL, 0, 0),
	(60, '/data/rooms/kab107_1.JPG', 1, NULL, 0, 0),
	(61, '/data/rooms/kab107_2.JPG', 1, NULL, 0, 0),
	(62, '/data/rooms/kab107_3.JPG', 1, NULL, 0, 0),
	(63, '/data/rooms/kab107_4.JPG', 1, NULL, 0, 0),
	(64, '/data/rooms/kab107_5.JPG', 1, NULL, 0, 0),
	(65, '/data/rooms/kab111_1.JPG', 1, NULL, 0, 0),
	(66, '/data/rooms/kab111_2.JPG', 1, NULL, 0, 0),
	(67, '/data/rooms/kab111_3.JPG', 1, NULL, 0, 0),
	(68, '/data/rooms/kab111_4.JPG', 1, NULL, 0, 0),
	(69, '/data/rooms/kab111_5.JPG', 1, NULL, 0, 0),
	(70, '/data/rooms/kab111_6.JPG', 1, NULL, 0, 0),
	(71, '/data/rooms/kab111_7.JPG', 1, NULL, 0, 0),
	(72, '/data/rooms/kab112_1.JPG', 1, NULL, 0, 0),
	(73, '/data/rooms/kab112_2.JPG', 1, NULL, 0, 0),
	(74, '/data/rooms/kab112_3.JPG', 1, NULL, 0, 0),
	(75, '/data/rooms/kab112_4.JPG', 1, NULL, 0, 0),
	(76, '/data/rooms/kab204_1.JPG', 1, NULL, 0, 0),
	(77, '/data/rooms/kab204_2.JPG', 1, NULL, 0, 0),
	(78, '/data/rooms/kab204_3.JPG', 1, NULL, 0, 0),
	(79, '/data/rooms/kab204_4.JPG', 1, NULL, 0, 0),
	(80, '/data/rooms/kab204_5.JPG', 1, NULL, 0, 0),
	(81, '/data/rooms/kab204_6.JPG', 1, NULL, 0, 0),
	(82, '/data/rooms/kab305_1.JPG', 1, NULL, 0, 0),
	(83, '/data/rooms/kab305_2.JPG', 1, NULL, 0, 0),
	(84, '/data/rooms/kab305_3.JPG', 1, NULL, 0, 0),
	(85, '/data/rooms/kab305_4.JPG', 1, NULL, 0, 0),
	(86, '/data/rooms/kab307_1.JPG', 1, NULL, 0, 0),
	(87, '/data/rooms/kab307_2.JPG', 1, NULL, 0, 0),
	(88, '/data/rooms/kab307_3.JPG', 1, NULL, 0, 0),
	(89, '/data/rooms/kab307_4.JPG', 1, NULL, 0, 0),
	(90, '/data/rooms/kab307_5.JPG', 1, NULL, 0, 0),
	(91, '/data/rooms/kab7_1.JPG', 1, NULL, 0, 0),
	(92, '/data/rooms/kab7_2.JPG', 1, NULL, 0, 0),
	(93, '/data/rooms/kab7_3.JPG', 1, NULL, 0, 0),
	(94, '/data/rooms/kab7_4.JPG', 1, NULL, 0, 0),
	(95, '/data/teachers/anufrieva-olga-yuryevna.jpg', 1, NULL, 0, 0),
	(96, '/data/teachers/artemova-natalia-alexandrovna.jpg', 1, NULL, 0, 0),
	(97, '/data/teachers/vinichenko-yelena-petrovna.jpg', 1, NULL, 0, 0),
	(98, '/data/teachers/volkova-nadezhda-ivanovna.jpg', 1, NULL, 0, 0),
	(99, '/data/teachers/glebova-lyubov-sergeyevna.jpg', 1, NULL, 0, 0),
	(100, '/data/teachers/ganikhina-marina-anatolyevna.jpg', 1, NULL, 0, 0),
	(101, '/data/teachers/baldina-irina-petrovna.jpg', 1, NULL, 0, 0),
	(102, '/data/teachers/bordun-yelena-aleksandrovna.JPG', 1, NULL, 0, 0),
	(103, '/data/teachers/gorbatykh-yevgeniya-aleksandrovna.jpg', 1, NULL, 0, 0),
	(104, '/data/teachers/dmitriyenko-konstantin-yevgenyevich.JPG', 1, NULL, 0, 0),
	(105, '/data/teachers/shalnov-zakhar-sergeyevich.JPG', 1, NULL, 0, 0),
	(106, '/data/teachers/yevtyushchenko-yuliya-aleksandrovna.jpg', 1, NULL, 0, 0),
	(107, '/data/teachers/yermakova-natalya-vladimirovna.jpg', 1, NULL, 0, 0),
	(108, '/data/teachers/sugonyak-natalya-pavlovna.jpg', 1, NULL, 0, 0),
	(109, '/data/teachers/lapitskaya-tatyana-vladimirovna.jpg', 1, NULL, 0, 0),
	(110, '/data/teachers/chekushkina-olga-olegovna.jpg', 1, NULL, 0, 0),
	(111, '/data/teachers/zhiglo-inna-vladimirovna.jpg', 1, NULL, 0, 0),
	(112, '/data/teachers/ponomareva-tatyana-vladimirovna.jpg', 1, NULL, 0, 0),
	(113, '/data/teachers/ruzankin-yevgeniy-aleksandrovich.jpg', 1, NULL, 0, 0),
	(114, '/data/teachers/krumm-tatyana-mikhaylovna.jpg', 1, NULL, 0, 0),
	(115, '/data/teachers/moiseyeva-tatyana-anatolyevna.jpg', 1, NULL, 0, 0),
	(116, '/data/teachers/oblozhkina-irina-mikhaylovna.jpg', 1, NULL, 0, 0),
	(117, '/data/teachers/lobenko-yuliya-vladimirovna.jpg', 1, NULL, 0, 0),
	(118, '/data/teachers/nazarko-irina-vladimirovna.jpg', 1, NULL, 0, 0),
	(119, '/data/teachers/zilbernagel-yana-gennadyevna.jpg', 1, NULL, 0, 0),
	(120, '/data/teachers/zavorin-san-sanich.jpg', 1, NULL, 0, 0),
	(121, '/data/teachers/pastukhova-olga-nikolayeva.JPG', 1, NULL, 0, 0),
	(122, '/data/teachers/pletneva-olga-fedorovna.jpg', 1, NULL, 0, 0),
	(123, '/data/teachers/volkova-yelena-gennadyevna.jpg', 1, NULL, 0, 0),
	(124, '/data/teachers/serduk-svetlana-sergeevna.jpg', 1, NULL, 0, 0),
	(125, '/data/teachers/scryabina-vera-evgeneevna.JPG', 1, NULL, 0, 0),
	(126, '/data/teachers/laktionov-urii-vasilievich.jpg', 1, NULL, 0, 0),
	(127, '/data/teachers/carenko-marina-sergeevna.jpg', 1, NULL, 0, 0),
	(128, 'https://pp.userapi.com/c637923/v637923115/c833/LbPxKeQmi40.jpg', 1, NULL, 0, 0),
	(129, '/data/teachers/avdeyev-andrey-sergeyevich.jpg', 1, NULL, 0, 0),
	(130, '/data/teachers/say-ekaterina-valerievna.jpg', 1, NULL, 0, 0),
	(131, '/data/teachers/savoskina-ludmila-ivanovna.jpg', 1, NULL, 0, 0),
	(132, '/data/teachers/parfenova.jpg', 1, NULL, 0, 0),
	(133, '/data/teachers/namceva.jpg', 1, NULL, 0, 0),
	(134, '/data/teachers/konstantinova.jpg', 1, NULL, 0, 0),
	(135, '/data/teachers/krygina.jpg', 1, NULL, 0, 0),
	(136, '/data/teachers/korchenica.jpg', 1, NULL, 0, 0),
	(137, '/data/teachers/korotkova.jpg', 1, NULL, 0, 0),
	(138, '/data/teachers/konovalova.jpg', 1, NULL, 0, 0),
	(139, '/data/teachers/ikonnikova.jpg', 1, NULL, 0, 0),
	(140, '/data/teachers/zavarzina.jpg', 1, NULL, 0, 0),
	(141, '/data/teachers/evdokimova.jpg', 1, NULL, 0, 0),
	(142, '/data/teachers/luzan.jpg', 1, NULL, 0, 0),
	(143, '/data/teachers/selivanova.jpg', 1, NULL, 0, 0),
	(144, '/data/teachers/simonova.jpg', 1, NULL, 0, 0),
	(145, '/data/banner/1.png', 1, NULL, 0, 0),
	(146, '/data/banner/2.jpg', 1, NULL, 0, 0),
	(147, '/data/banner/3.jpg', 1, NULL, 0, 0),
	(148, '/data/banner/4.jpg', 1, NULL, 0, 0),
	(149, '/data/timetable/date_20_03_2018_group101.png', 1, NULL, 0, 0),
	(150, '/data/timetable/date_20_03_2018_group121.png', 1, NULL, 0, 0),
	(151, '/data/teachers/belina-svetlana-vladimirovna.jpg', 1, NULL, 0, 0),
	(152, '/data/teachers/bezgeymer-andrey-viktorovich.jpg', 1, NULL, 0, 0),
	(153, '/data/banner/den-otkrytykh-dverey.jpg', 1, NULL, 0, 0),
	(154, '/data/banner/inclusia.png', 1, NULL, 0, 0);
/*!40000 ALTER TABLE `images` ENABLE KEYS */;

-- Дамп структуры для таблица yii_nppk_advanced.images_description
CREATE TABLE IF NOT EXISTS `images_description` (
  `image_id` int(11) NOT NULL,
  `language_id` int(11) NOT NULL,
  `name` varchar(255) DEFAULT NULL,
  `description` text,
  KEY `FK_images_description_images` (`image_id`),
  KEY `FK_images_description_languages` (`language_id`),
  CONSTRAINT `FK_images_description_images` FOREIGN KEY (`image_id`) REFERENCES `images` (`id`) ON DELETE CASCADE ON UPDATE CASCADE,
  CONSTRAINT `FK_images_description_languages` FOREIGN KEY (`language_id`) REFERENCES `languages` (`id`) ON DELETE CASCADE ON UPDATE CASCADE
) ENGINE=InnoDB DEFAULT CHARSET=utf8;

-- Дамп данных таблицы yii_nppk_advanced.images_description: ~306 rows (приблизительно)
/*!40000 ALTER TABLE `images_description` DISABLE KEYS */;
INSERT INTO `images_description` (`image_id`, `language_id`, `name`, `description`) VALUES
	(95, 1, 'Ануфриева Ольга Юриевна', NULL),
	(95, 2, 'Anufrieva Olga Yurievna', NULL),
	(96, 1, 'Артемова Наталья Александровна', NULL),
	(96, 2, 'Artemova Natalia Alexandrovna', NULL),
	(97, 1, 'Виниченко Елена Петровна', NULL),
	(97, 2, 'Vinichenko Elena Petrovna', NULL),
	(98, 1, 'Волкова Надежда Ивановна', NULL),
	(98, 2, 'Volkova Nadezhda Ivanovna', NULL),
	(99, 1, 'Глебова Любовь Сергеевна', NULL),
	(99, 2, 'Glebova Lyubov Sergeevna', NULL),
	(100, 1, 'Ганихина Марина Анатольевна', NULL),
	(100, 2, 'Ganykhina Marina Anatolyevna', NULL),
	(101, 1, 'Балдина Ирина Петровна', NULL),
	(101, 2, 'Baldina Irina Petrovna', NULL),
	(102, 1, 'Бордун Елена Александровна', NULL),
	(102, 2, 'Bordun Elena Aleksandrovna', NULL),
	(103, 1, 'Горбатых Евгения Александровна', NULL),
	(103, 2, 'Gorbatykh Evgenia Alexandrovna', NULL),
	(104, 1, 'Дмитриенко Константин Евгеньевич', NULL),
	(104, 2, 'Dmitrienko Konstantin Evgenievich', NULL),
	(105, 1, 'Шальнов Захар Сергеевич', NULL),
	(105, 2, 'Shalnov Zakhar Sergeevich', NULL),
	(106, 1, 'Евтющенко Юлия Александровна', NULL),
	(106, 2, 'Evtyushchenko Julia Alexandrovna', NULL),
	(107, 1, 'Ермакова Наталья Владимировна', NULL),
	(107, 2, 'Ermakova Natalia Vladimirovna', NULL),
	(108, 1, 'Сугоняк Наталья Павловна', NULL),
	(108, 2, 'Sugonyak Natalia Pavlovna', NULL),
	(109, 1, 'Лапицкая Татьяна Владимировна', NULL),
	(109, 2, 'Lapitskaya Tatiana Vladimirovna', NULL),
	(110, 1, 'Чекушкина Ольга Олеговна', NULL),
	(110, 2, 'Chekushkina Olga Olegovna', NULL),
	(111, 1, 'Жигло Инна Владимировна', NULL),
	(111, 2, 'Zhiglo Inna Vladimirovna', NULL),
	(112, 1, 'Пономарева Татьяна Владимировна', NULL),
	(112, 2, 'Tatyana Vladimirovna Ponomareva', NULL),
	(113, 1, 'Рузанкин Евгений Александрович', NULL),
	(113, 2, 'Ruzankin Evgeny Alexandrovich', NULL),
	(114, 1, 'Крумм Татьяна Михайловна', NULL),
	(114, 2, 'Krumm Tatiana Mikhailovna', NULL),
	(115, 1, 'Моисеева Татьяна Анатольевна', NULL),
	(115, 2, 'Moiseeva Tatyana Anatolyevna', NULL),
	(116, 1, 'Обложкина Ирина Михайловна', NULL),
	(116, 2, 'Oblozhkina Irina Mikhailovna', NULL),
	(117, 1, 'Лобенко Юлия Владимировна', NULL),
	(117, 2, 'Lobenko Julia Vladimirovna', NULL),
	(118, 1, 'Назарко Ирина Владимировна', NULL),
	(118, 2, 'Nazarko Irina Vladimirovna', NULL),
	(119, 1, 'Зильбернагель Яна Геннадьевна', NULL),
	(119, 2, 'Zilbernagel Yana Gennadievna', NULL),
	(120, 1, 'Заворин Алекснадр Александрович', NULL),
	(120, 2, 'Zavoryn Alexandra Alexandrovich', NULL),
	(121, 1, 'Пастухова Ольга Николаевна', NULL),
	(121, 2, 'Pastukhova Olga N.', NULL),
	(122, 1, 'Плетнева Ольга Федоровна', NULL),
	(122, 2, 'Pletneva Olga Fedorovna', NULL),
	(123, 1, 'Волкова Елена Геннадьевна', NULL),
	(123, 2, 'Volkova Elena Gennadievna', NULL),
	(124, 1, 'Сердюк Елена Сергеевна', NULL),
	(124, 2, 'Serdyuk Elena Sergeevna', NULL),
	(125, 1, 'Скрябина Вера Евгеньевна', NULL),
	(125, 2, 'Scriabin Vera Evgenevna', NULL),
	(126, 1, 'Лактионов Юрий Васильевич', NULL),
	(126, 2, 'Laktionov Yuri Vasilyevich', NULL),
	(127, 1, 'Царенко Марина Сергеевна', NULL),
	(127, 2, 'Tsarenko Marina Sergeevna', NULL),
	(128, 1, 'Кремнёв Евгений Русланович', NULL),
	(128, 2, 'Kremnev Evgeny Ruslanovich', NULL),
	(129, 1, 'Авдеев Андрей Сергеевич', NULL),
	(129, 2, 'Avdeev Andrey Sergeevich', NULL),
	(130, 1, 'Сай Екатерина Валерьевна', NULL),
	(130, 2, 'Sai Ekaterina Valeryevna', NULL),
	(131, 1, 'Савоськина Людмила Ивановна', NULL),
	(131, 2, 'Savoskina Lyudmila Ivanovna', NULL),
	(132, 1, 'Парфенова Елена Николаевна', NULL),
	(132, 2, 'Parfenova Elena Nikolaevna', NULL),
	(133, 1, 'Немцева Галина Викторовна', NULL),
	(133, 2, 'Nemtseva Galina Viktorovna', NULL),
	(134, 1, 'Константинова Татьяна Георгиевна', NULL),
	(134, 2, 'Konstantinova Tatyana Georgievna', NULL),
	(135, 1, 'Крыгина Роза Михайловна', NULL),
	(135, 2, 'Krygina Roza Mikhaylovna', NULL),
	(136, 1, 'Корченица Людмила Александровна', NULL),
	(136, 2, 'Korcenitsa Lyudmila Alexandrovna', NULL),
	(137, 1, 'Короткова Вероника Валерьевна', NULL),
	(137, 2, 'Korotkova Veronika Valerievna', NULL),
	(138, 1, 'Коновалова Олеся Викторовна', NULL),
	(138, 2, 'Konovalova Olesya Viktorovna', NULL),
	(139, 1, 'Иконникова Людмила Викторовна', NULL),
	(139, 2, 'Ikonnikova Lyudmila Viktorovna', NULL),
	(140, 1, 'Заварзина Любовь Геннадьевна', NULL),
	(140, 2, 'Zavarzina Lyubov Gennadievna', NULL),
	(141, 1, 'Евдокимова Алена Андреевна', NULL),
	(141, 2, 'Evdokimova Alena Andreevna', NULL),
	(142, 1, 'Лузан Светлана Сергеевна', NULL),
	(142, 2, 'Luzan Svetlana Sergeevna', NULL),
	(143, 1, 'Селиванова Светлана Александровна', NULL),
	(143, 2, 'Selivanova Svetlana Aleksandrovna', NULL),
	(144, 1, 'Симонова Людмила Владимировна', NULL),
	(144, 2, 'Simonova Lyudmila Vladimirovna', NULL),
	(145, 1, NULL, NULL),
	(145, 2, NULL, NULL),
	(146, 1, NULL, NULL),
	(146, 2, NULL, NULL),
	(147, 1, NULL, NULL),
	(147, 2, NULL, NULL),
	(148, 1, NULL, NULL),
	(148, 2, NULL, NULL),
	(149, 1, 'Расписание', 'Расписание'),
	(149, 2, 'Timetable', 'Timetable'),
	(150, 1, 'Расписание', 'Расписание'),
	(150, 2, 'Timetable', 'Timetable'),
	(151, 1, 'Белина Светлана Владимировна', NULL),
	(151, 2, 'Belina Svetlana Vladimirovna', NULL),
	(152, 1, 'Безгеймер Андрей Викторович', NULL),
	(152, 2, 'Bezheimer Andrey Viktorovich', NULL),
	(153, 1, 'День открытых дверей', NULL),
	(153, 2, 'Open Day', NULL),
	(154, 2, 'Inclusive education', 'Hot line on all issues of inclusive vocational education +7 (383) 314-93-66'),
	(154, 1, 'Инклюзивное образование', 'Горячая линия по всем вопросам инклюзивного профессионального образования +7 (383) 314-93-66'),
	(1, 1, 'Гимнастический зал', NULL),
	(1, 2, 'Gym', NULL),
	(2, 1, 'Гимнастический зал', NULL),
	(2, 2, 'Gym', NULL),
	(3, 1, 'Гимнастический зал', NULL),
	(3, 2, 'Gym', NULL),
	(4, 1, 'Спортивный зал', NULL),
	(4, 2, 'Gym', NULL),
	(5, 1, 'Спортивный зал', NULL),
	(5, 2, 'Gym', NULL),
	(6, 1, 'Спортивный зал', NULL),
	(6, 2, 'Gym', NULL),
	(7, 1, 'Спортивный зал', NULL),
	(7, 2, 'Gym', NULL),
	(8, 1, 'Спортивный зал', NULL),
	(8, 2, 'Gym', NULL),
	(9, 1, '4 кабинет', NULL),
	(9, 2, '4 room', NULL),
	(10, 1, '4 кабинет', NULL),
	(10, 2, '4 room', NULL),
	(11, 1, '4 кабинет', NULL),
	(11, 2, '4 room', NULL),
	(12, 1, '4 кабинет', NULL),
	(12, 2, '4 room', NULL),
	(13, 1, '5 кабинет', NULL),
	(13, 2, '5 room', NULL),
	(14, 1, '5 кабинет', NULL),
	(14, 2, '5 room', NULL),
	(15, 1, '5 кабинет', NULL),
	(15, 2, '5 room', NULL),
	(16, 1, '5 кабинет', NULL),
	(16, 2, '5 room', NULL),
	(17, 1, '6 кабинет', NULL),
	(17, 2, '6 room', NULL),
	(18, 1, '6 кабинет', NULL),
	(18, 2, '6 room', NULL),
	(19, 1, '6 кабинет', NULL),
	(19, 2, '6 room', NULL),
	(20, 1, '6 кабинет', NULL),
	(20, 2, '6 room', NULL),
	(21, 1, '6 кабинет', NULL),
	(21, 2, '6 room', NULL),
	(22, 1, '6 кабинет', NULL),
	(22, 2, '6 room', NULL),
	(23, 1, '201 кабинет', NULL),
	(23, 2, '201 room', NULL),
	(24, 1, '201 кабинет', NULL),
	(24, 2, '201 room', NULL),
	(25, 1, '201 кабинет', NULL),
	(25, 2, '201 room', NULL),
	(26, 1, '201 кабинет', NULL),
	(26, 2, '201 room', NULL),
	(27, 1, '201 кабинет', NULL),
	(27, 2, '201 room', NULL),
	(28, 1, '201 кабинет', NULL),
	(28, 2, '201 room', NULL),
	(29, 1, '205 кабинет', NULL),
	(29, 2, '205 room', NULL),
	(30, 1, '205 кабинет', NULL),
	(30, 2, '205 room', NULL),
	(31, 1, '205 кабинет', NULL),
	(31, 2, '205 room', NULL),
	(32, 1, '207 кабинет', NULL),
	(32, 2, '207 room', NULL),
	(33, 1, '207 кабинет', NULL),
	(33, 2, '207 room', NULL),
	(34, 1, '207 кабинет', NULL),
	(34, 2, '207 room', NULL),
	(35, 1, '207 кабинет', NULL),
	(35, 2, '207 room', NULL),
	(36, 1, '207 кабинет', NULL),
	(36, 2, '207 room', NULL),
	(37, 1, '207 кабинет', NULL),
	(37, 2, '207 room', NULL),
	(38, 1, '208 кабинет', NULL),
	(38, 2, '208 room', NULL),
	(39, 1, '208 кабинет', NULL),
	(39, 2, '208 room', NULL),
	(40, 1, '208 кабинет', NULL),
	(40, 2, '208 room', NULL),
	(41, 1, '208 кабинет', NULL),
	(41, 2, '208 room', NULL),
	(42, 1, '208 кабинет', NULL),
	(42, 2, '208 room', NULL),
	(43, 1, '209 кабинет', NULL),
	(43, 2, '209 room', NULL),
	(44, 1, '209 кабинет', NULL),
	(44, 2, '209 room', NULL),
	(45, 1, '209 кабинет', NULL),
	(45, 2, '209 room', NULL),
	(46, 1, '209 кабинет', NULL),
	(46, 2, '209 room', NULL),
	(47, 1, '209 кабинет', NULL),
	(47, 2, '209 room', NULL),
	(48, 1, '209 кабинет', NULL),
	(48, 2, '209 room', NULL),
	(49, 1, '308 кабинет', NULL),
	(49, 2, '308 room', NULL),
	(50, 1, '308 кабинет', NULL),
	(50, 2, '308 room', NULL),
	(51, 1, '308 кабинет', NULL),
	(51, 2, '308 room', NULL),
	(52, 1, '408 кабинет', NULL),
	(52, 2, '408 room', NULL),
	(53, 1, 'Конференцзал', NULL),
	(53, 2, 'Conference hall', NULL),
	(54, 1, 'Конференцзал', NULL),
	(54, 2, 'Conference hall', NULL),
	(55, 1, 'Конференцзал', NULL),
	(55, 2, 'Conference hall', NULL),
	(56, 1, 'Конференцзал', NULL),
	(56, 2, 'Conference hall', NULL),
	(57, 1, 'Конференцзал', NULL),
	(57, 2, 'Conference hall', NULL),
	(58, 1, '4 кабинет', NULL),
	(58, 2, '4 room', NULL),
	(60, 1, '107 кабинет', NULL),
	(60, 2, '107 room', NULL),
	(61, 1, '107 кабинет', NULL),
	(61, 2, '107 room', NULL),
	(62, 1, '107 кабинет', NULL),
	(62, 2, '107 room', NULL),
	(63, 1, '107 кабинет', NULL),
	(63, 2, '107 room', NULL),
	(64, 1, '107 кабинет', NULL),
	(64, 2, '107 room', NULL),
	(65, 1, '111 кабинет', NULL),
	(65, 2, '111 room', NULL),
	(66, 1, '111 кабинет', NULL),
	(66, 2, '111 room', NULL),
	(67, 1, '111 кабинет', NULL),
	(67, 2, '111 room', NULL),
	(68, 1, '111 кабинет', NULL),
	(68, 2, '111 room', NULL),
	(69, 1, '111 кабинет', NULL),
	(69, 2, '111 room', NULL),
	(70, 1, '111 кабинет', NULL),
	(70, 2, '111 room', NULL),
	(71, 1, '111 кабинет', NULL),
	(71, 2, '111 room', NULL),
	(72, 1, '112 кабинет', NULL),
	(72, 2, '112 room', NULL),
	(73, 1, '112 кабинет', NULL),
	(73, 2, '112 room', NULL),
	(74, 1, '112 кабинет', NULL),
	(74, 2, '112 room', NULL),
	(75, 1, '112 кабинет', NULL),
	(75, 2, '112 room', NULL),
	(76, 1, '204 кабинет', NULL),
	(76, 2, '204 room', NULL),
	(77, 1, '204 кабинет', NULL),
	(77, 2, '204 room', NULL),
	(78, 1, '204 кабинет', NULL),
	(78, 2, '204 room', NULL),
	(79, 1, '204 кабинет', NULL),
	(79, 2, '204 room', NULL),
	(80, 1, '204 кабинет', NULL),
	(80, 2, '204 room', NULL),
	(81, 1, '204 кабинет', NULL),
	(81, 2, '204 room', NULL),
	(82, 1, '305 кабинет', NULL),
	(82, 2, '305 room', NULL),
	(83, 1, '305 кабинет', NULL),
	(83, 2, '305 room', NULL),
	(84, 1, '305 кабинет', NULL),
	(84, 2, '305 room', NULL),
	(85, 1, '305 кабинет', NULL),
	(85, 2, '305 room', NULL),
	(86, 1, '307 кабинет', NULL),
	(86, 2, '307 room', NULL),
	(87, 1, '307 кабинет', NULL),
	(87, 2, '307 room', NULL),
	(88, 1, '307 кабинет', NULL),
	(88, 2, '307 room', NULL),
	(89, 1, '307 кабинет', NULL),
	(89, 2, '307 room', NULL),
	(90, 1, '307 кабинет', NULL),
	(90, 2, '307 room', NULL),
	(91, 1, '7 кабинет', NULL),
	(91, 2, '7 room', NULL),
	(92, 1, '7 кабинет', NULL),
	(92, 2, '7 room', NULL),
	(93, 1, '7 кабинет', NULL),
	(93, 2, '7 room', NULL),
	(94, 1, '7 кабинет', NULL),
	(94, 2, '7 room', NULL);
/*!40000 ALTER TABLE `images_description` ENABLE KEYS */;

-- Дамп структуры для таблица yii_nppk_advanced.languages
CREATE TABLE IF NOT EXISTS `languages` (
  `id` int(11) NOT NULL AUTO_INCREMENT,
  `name` varchar(255) NOT NULL,
  `code` varchar(255) NOT NULL,
  `locale` varchar(255) NOT NULL,
  `icon` varchar(255) NOT NULL,
  `default` tinyint(1) NOT NULL DEFAULT '0',
  `published` tinyint(1) NOT NULL DEFAULT '1',
  `created_by` int(11) DEFAULT NULL,
  `updated_by` int(11) DEFAULT NULL,
  `created_at` int(11) NOT NULL,
  `updated_at` int(11) NOT NULL,
  PRIMARY KEY (`id`),
  UNIQUE KEY `code` (`code`,`locale`),
  KEY `FK_languages_users_created` (`created_by`),
  KEY `FK_languages_users_updated` (`updated_by`),
  CONSTRAINT `FK_languages_users_created` FOREIGN KEY (`created_by`) REFERENCES `users` (`id`) ON DELETE SET NULL ON UPDATE CASCADE,
  CONSTRAINT `FK_languages_users_updated` FOREIGN KEY (`updated_by`) REFERENCES `users` (`id`) ON DELETE SET NULL ON UPDATE CASCADE
) ENGINE=InnoDB AUTO_INCREMENT=3 DEFAULT CHARSET=utf8;

-- Дамп данных таблицы yii_nppk_advanced.languages: ~2 rows (приблизительно)
/*!40000 ALTER TABLE `languages` DISABLE KEYS */;
INSERT INTO `languages` (`id`, `name`, `code`, `locale`, `icon`, `default`, `published`, `created_by`, `updated_by`, `created_at`, `updated_at`) VALUES
	(1, 'Русский', 'ru-RU', 'ru', '/data/flags/ru.png', 1, 1, 1, NULL, 0, 0),
	(2, 'English', 'en-US', 'en', '/data/flags/en.png', 0, 1, 1, NULL, 0, 0);
/*!40000 ALTER TABLE `languages` ENABLE KEYS */;

-- Дамп структуры для таблица yii_nppk_advanced.languages_phrase
CREATE TABLE IF NOT EXISTS `languages_phrase` (
  `id` int(11) NOT NULL AUTO_INCREMENT,
  `key` varchar(255) NOT NULL,
  `created_by` int(11) DEFAULT NULL,
  `updated_by` int(11) DEFAULT NULL,
  `created_at` int(11) NOT NULL,
  `updated_at` int(11) NOT NULL,
  PRIMARY KEY (`id`),
  UNIQUE KEY `key` (`key`),
  KEY `FK_languages_phrase_users_created` (`created_by`),
  KEY `FK_languages_phrase_users_updated` (`updated_by`),
  CONSTRAINT `FK_languages_phrase_users_created` FOREIGN KEY (`created_by`) REFERENCES `users` (`id`) ON DELETE SET NULL ON UPDATE CASCADE,
  CONSTRAINT `FK_languages_phrase_users_updated` FOREIGN KEY (`updated_by`) REFERENCES `users` (`id`) ON DELETE SET NULL ON UPDATE CASCADE
) ENGINE=InnoDB AUTO_INCREMENT=71 DEFAULT CHARSET=utf8 COMMENT='Модель языковых фраз';

-- Дамп данных таблицы yii_nppk_advanced.languages_phrase: ~70 rows (приблизительно)
/*!40000 ALTER TABLE `languages_phrase` DISABLE KEYS */;
INSERT INTO `languages_phrase` (`id`, `key`, `created_by`, `updated_by`, `created_at`, `updated_at`) VALUES
	(1, 'home_h1', 1, NULL, 0, 0),
	(2, 'home_title', 1, NULL, 0, 0),
	(3, 'blog_h1', 1, NULL, 0, 0),
	(4, 'blog_title', 1, NULL, 0, 0),
	(5, 'rooms_h1', 1, NULL, 0, 0),
	(6, 'rooms_title', 1, NULL, 0, 0),
	(7, 'teachers_h1', 1, NULL, 0, 0),
	(8, 'teachers_title', 1, NULL, 0, 0),
	(9, 'timetable_h1', 1, NULL, 0, 0),
	(10, 'timetable_title', 1, NULL, 0, 0),
	(11, 'error_h1', 1, NULL, 0, 0),
	(12, 'error_title', 1, NULL, 0, 0),
	(13, 'error404', 1, NULL, 0, 0),
	(14, 'home', 1, NULL, 0, 0),
	(15, 'information', 1, NULL, 0, 0),
	(16, 'timetable', 1, NULL, 0, 0),
	(17, 'rooms', 1, NULL, 0, 0),
	(18, 'teachers', 1, NULL, 0, 0),
	(19, 'our_website', 1, NULL, 0, 0),
	(20, 'management', 1, NULL, 0, 0),
	(21, 'master_of_production_training', 1, NULL, 0, 0),
	(22, 'not_filled_out', 1, NULL, 0, 0),
	(23, 'selected_group_not_found', 1, NULL, 0, 0),
	(24, 'weekend', 1, NULL, 0, 0),
	(25, 'month_0', 1, NULL, 0, 0),
	(26, 'month_1', 1, NULL, 0, 0),
	(27, 'month_2', 1, NULL, 0, 0),
	(28, 'month_3', 1, NULL, 0, 0),
	(29, 'month_4', 1, NULL, 0, 0),
	(30, 'month_5', 1, NULL, 0, 0),
	(31, 'month_6', 1, NULL, 0, 0),
	(32, 'month_7', 1, NULL, 0, 0),
	(33, 'month_8', 1, NULL, 0, 0),
	(34, 'month_9', 1, NULL, 0, 0),
	(35, 'month_10', 1, NULL, 0, 0),
	(36, 'month_11', 1, NULL, 0, 0),
	(37, 'day_0', 1, NULL, 0, 0),
	(38, 'day_1', 1, NULL, 0, 0),
	(39, 'day_2', 1, NULL, 0, 0),
	(40, 'day_3', 1, NULL, 0, 0),
	(41, 'day_4', 1, NULL, 0, 0),
	(42, 'day_5', 1, NULL, 0, 0),
	(43, 'day_6', 1, NULL, 0, 0),
	(44, 'today', 1, NULL, 0, 0),
	(45, 'tomorrow', 1, NULL, 0, 0),
	(46, 'for_a_week', 1, NULL, 0, 0),
	(47, 'for_two_weeks', 1, NULL, 0, 0),
	(48, 'group', 1, NULL, 0, 0),
	(49, 'for_the_visually_impaired', 1, NULL, 0, 0),
	(50, 'nppk', 1, NULL, 0, 0),
	(51, 'nppk_full', 1, NULL, 0, 0),
	(52, 'no_data_to_display_content', 1, NULL, 0, 0),
	(53, 'can_not_display_list', 1, NULL, 0, 0),
	(54, 'can_not_display_the_selected_page', 1, NULL, 0, 0),
	(55, 'ajax_error_post', 1, NULL, 0, 0),
	(56, 'to_home_page', 1, NULL, 0, 0),
	(57, 'normal', 1, NULL, 0, 0),
	(58, 'average', 1, NULL, 0, 0),
	(59, 'big', 1, NULL, 0, 0),
	(60, 'black', 1, NULL, 0, 0),
	(61, 'white', 1, NULL, 0, 0),
	(62, 'blue', 1, NULL, 0, 0),
	(63, 'brown', 1, NULL, 0, 0),
	(64, 'color', 1, NULL, 0, 0),
	(65, 'font', 1, NULL, 0, 0),
	(66, 'images', 1, NULL, 0, 0),
	(67, 'show', 1, NULL, 0, 0),
	(68, 'hide', 1, NULL, 0, 0),
	(69, 'show_menu', 1, NULL, 0, 0),
	(70, 'read_more', 1, NULL, 0, 0);
/*!40000 ALTER TABLE `languages_phrase` ENABLE KEYS */;

-- Дамп структуры для таблица yii_nppk_advanced.languages_phrase_value
CREATE TABLE IF NOT EXISTS `languages_phrase_value` (
  `phrase_id` int(11) NOT NULL,
  `language_id` int(11) NOT NULL,
  `value` text NOT NULL,
  KEY `FK_languages_phrase_value_languages_phrase` (`phrase_id`),
  KEY `FK_languages_phrase_value_languages` (`language_id`),
  CONSTRAINT `FK_languages_phrase_value_languages` FOREIGN KEY (`language_id`) REFERENCES `languages` (`id`) ON DELETE CASCADE ON UPDATE CASCADE,
  CONSTRAINT `FK_languages_phrase_value_languages_phrase` FOREIGN KEY (`phrase_id`) REFERENCES `languages_phrase` (`id`) ON DELETE CASCADE ON UPDATE CASCADE
) ENGINE=InnoDB DEFAULT CHARSET=utf8;

-- Дамп данных таблицы yii_nppk_advanced.languages_phrase_value: ~140 rows (приблизительно)
/*!40000 ALTER TABLE `languages_phrase_value` DISABLE KEYS */;
INSERT INTO `languages_phrase_value` (`phrase_id`, `language_id`, `value`) VALUES
	(1, 1, 'Главная'),
	(1, 2, 'Home'),
	(2, 1, 'Главная'),
	(2, 2, 'Home'),
	(3, 1, 'Информация'),
	(3, 2, 'Home'),
	(4, 1, 'Информация'),
	(4, 2, 'Information'),
	(5, 1, 'Кабинеты'),
	(5, 2, 'Rooms'),
	(6, 1, 'Кабинеты'),
	(6, 2, 'Rooms'),
	(7, 1, 'Сотрудники'),
	(7, 2, 'Employees'),
	(8, 1, 'Сотрудники'),
	(8, 2, 'Employees'),
	(9, 1, 'Расписание'),
	(9, 2, 'Timetable'),
	(10, 1, 'Расписание'),
	(10, 2, 'Timetable'),
	(11, 1, 'Ошибка 404'),
	(11, 2, 'Error 404'),
	(12, 1, 'Ошибка 404'),
	(12, 2, 'Error 404'),
	(13, 1, 'Ошибка 404: Не могу отобразить выбранную страницу!'),
	(13, 2, 'Error 404: Can not display the selected page!'),
	(14, 1, 'Главная'),
	(14, 2, 'Home'),
	(15, 1, 'Информация'),
	(15, 2, 'Information'),
	(16, 1, 'Расписание'),
	(16, 2, 'Timetable'),
	(17, 1, 'Кабинеты'),
	(17, 2, 'Rooms'),
	(18, 1, 'Сотрудники'),
	(18, 2, 'Employees'),
	(19, 1, 'Наш сайт'),
	(19, 2, 'Our website'),
	(20, 1, 'Руководство'),
	(20, 2, 'Management'),
	(21, 1, 'Mастера производственного обучения'),
	(21, 2, 'Master of production training'),
	(22, 1, 'Не заполнено'),
	(22, 2, 'Not filled out'),
	(23, 1, 'Выбранная группа не найдена'),
	(23, 2, 'Selected group not found'),
	(24, 1, 'Выходной'),
	(24, 2, 'Weekend'),
	(25, 1, 'января'),
	(25, 2, 'January'),
	(26, 1, 'февраля'),
	(26, 2, 'February'),
	(27, 1, 'марта'),
	(27, 2, 'March'),
	(28, 1, 'апреля'),
	(28, 2, 'April'),
	(29, 1, 'мая'),
	(29, 2, 'May'),
	(30, 1, 'июня'),
	(30, 2, 'June'),
	(31, 1, 'июля'),
	(31, 2, 'July'),
	(32, 1, 'августа'),
	(32, 2, 'August'),
	(33, 1, 'сентября'),
	(33, 2, 'September'),
	(34, 1, 'октября'),
	(34, 2, 'October'),
	(35, 1, 'ноября'),
	(35, 2, 'November'),
	(36, 1, 'декабря'),
	(36, 2, 'December'),
	(37, 1, 'Воскресение'),
	(37, 2, 'Resurrection'),
	(38, 1, 'Понедельник'),
	(38, 2, 'Monday'),
	(39, 1, 'Вторник'),
	(39, 2, 'Tuesday'),
	(40, 1, 'Среда'),
	(40, 2, 'Wednesday'),
	(41, 1, 'Четверг'),
	(41, 2, 'Thursday'),
	(42, 1, 'Пятница'),
	(42, 2, 'Friday'),
	(43, 1, 'Суббота'),
	(43, 2, 'Saturday'),
	(44, 1, 'Сегодня'),
	(44, 2, 'Today'),
	(45, 1, 'Завтра'),
	(45, 2, 'Tomorrow'),
	(46, 1, 'На неделю'),
	(46, 2, 'For a week'),
	(47, 1, 'На две недели'),
	(47, 2, 'For two weeks'),
	(48, 1, 'группа'),
	(48, 2, 'group'),
	(49, 1, 'Для слабовидящих'),
	(49, 2, 'For the visually impaired'),
	(50, 1, 'НППК'),
	(50, 2, 'NPPK'),
	(51, 1, 'Новосибирский профессионально-педагогический колледж'),
	(51, 2, 'Novosibirskiy professional\'no-pedagogicheskiy kolledzh'),
	(52, 1, 'Нет данных для отображения контента ;('),
	(52, 2, 'No data to display content ;('),
	(53, 1, 'Не могу отобразить список ;('),
	(53, 2, 'Can not display list ;('),
	(54, 1, 'Не могу отобразить выбранную страницу ;('),
	(54, 2, 'Can not display the selected page ;('),
	(55, 1, 'Ошибка: Пустой POST запрос'),
	(55, 2, 'Error: Empty POST request'),
	(56, 1, 'На главную страницу'),
	(56, 2, 'to Home Page'),
	(57, 1, 'Нормальный'),
	(57, 2, 'Normal'),
	(58, 1, 'Средний'),
	(58, 2, 'Average'),
	(59, 1, 'Большой'),
	(59, 2, 'Big'),
	(60, 1, 'Чёрный'),
	(60, 2, 'Black'),
	(61, 1, 'Белый'),
	(61, 2, 'White'),
	(62, 1, 'Синий'),
	(62, 2, 'Blue'),
	(63, 1, 'Коричневый'),
	(63, 2, 'Brown'),
	(64, 1, 'Цвет'),
	(64, 2, 'Color'),
	(65, 1, 'Шрифт'),
	(65, 2, 'Font'),
	(66, 1, 'Изображения'),
	(66, 2, 'Images'),
	(67, 1, 'Показать'),
	(67, 2, 'Show'),
	(68, 1, 'Скрыть'),
	(68, 2, 'Hide'),
	(69, 1, 'Открыть меню'),
	(69, 2, 'Show Menu'),
	(70, 1, 'Подробнее'),
	(70, 2, 'Read More');
/*!40000 ALTER TABLE `languages_phrase_value` ENABLE KEYS */;

-- Дамп структуры для таблица yii_nppk_advanced.lessons
CREATE TABLE IF NOT EXISTS `lessons` (
  `id` int(11) NOT NULL AUTO_INCREMENT,
  `published` tinyint(1) NOT NULL DEFAULT '1',
  `created_by` int(11) DEFAULT NULL,
  `updated_by` int(11) DEFAULT NULL,
  `created_at` int(11) NOT NULL,
  `updated_at` int(11) NOT NULL,
  PRIMARY KEY (`id`),
  KEY `FK_lessons_users_created` (`created_by`),
  KEY `FK_lessons_users_updated` (`updated_by`),
  CONSTRAINT `FK_lessons_users_created` FOREIGN KEY (`created_by`) REFERENCES `users` (`id`) ON DELETE SET NULL ON UPDATE CASCADE,
  CONSTRAINT `FK_lessons_users_updated` FOREIGN KEY (`updated_by`) REFERENCES `users` (`id`) ON DELETE SET NULL ON UPDATE CASCADE
) ENGINE=InnoDB AUTO_INCREMENT=121 DEFAULT CHARSET=utf8;

-- Дамп данных таблицы yii_nppk_advanced.lessons: ~118 rows (приблизительно)
/*!40000 ALTER TABLE `lessons` DISABLE KEYS */;
INSERT INTO `lessons` (`id`, `published`, `created_by`, `updated_by`, `created_at`, `updated_at`) VALUES
	(1, 1, 1, NULL, 0, 0),
	(2, 1, 1, NULL, 0, 0),
	(3, 1, 1, NULL, 0, 0),
	(4, 1, 1, NULL, 0, 0),
	(5, 1, 1, NULL, 0, 0),
	(6, 1, 1, NULL, 0, 0),
	(7, 1, 1, NULL, 0, 0),
	(8, 1, 1, NULL, 0, 0),
	(9, 1, 1, NULL, 0, 0),
	(10, 1, 1, NULL, 0, 0),
	(12, 1, 1, NULL, 0, 0),
	(13, 1, 1, NULL, 0, 0),
	(14, 1, 1, NULL, 0, 0),
	(15, 1, 1, NULL, 0, 0),
	(16, 1, 1, NULL, 0, 0),
	(17, 1, 1, NULL, 0, 0),
	(18, 1, 1, NULL, 0, 0),
	(19, 1, 1, NULL, 0, 0),
	(20, 1, 1, NULL, 0, 0),
	(21, 1, 1, NULL, 0, 0),
	(22, 1, 1, NULL, 0, 0),
	(23, 1, 1, NULL, 0, 0),
	(24, 1, 1, NULL, 0, 0),
	(25, 1, 1, NULL, 0, 0),
	(26, 1, 1, NULL, 0, 0),
	(27, 1, 1, NULL, 0, 0),
	(28, 1, 1, NULL, 0, 0),
	(29, 1, 1, NULL, 0, 0),
	(30, 1, 1, NULL, 0, 0),
	(31, 1, 1, NULL, 0, 0),
	(32, 1, 1, NULL, 0, 0),
	(33, 1, 1, NULL, 0, 0),
	(34, 1, 1, NULL, 0, 0),
	(35, 1, 1, NULL, 0, 0),
	(36, 1, 1, NULL, 0, 0),
	(37, 1, 1, NULL, 0, 0),
	(38, 1, 1, NULL, 0, 0),
	(39, 1, 1, NULL, 0, 0),
	(40, 1, 1, NULL, 0, 0),
	(41, 1, 1, NULL, 0, 0),
	(42, 1, 1, NULL, 0, 0),
	(43, 1, 1, NULL, 0, 0),
	(44, 1, 1, NULL, 0, 0),
	(45, 1, 1, NULL, 0, 0),
	(46, 1, 1, NULL, 0, 0),
	(47, 1, 1, NULL, 0, 0),
	(48, 1, 1, NULL, 0, 0),
	(49, 1, 1, NULL, 0, 0),
	(50, 1, 1, NULL, 0, 0),
	(51, 1, 1, NULL, 0, 0),
	(52, 1, 1, NULL, 0, 0),
	(53, 1, 1, NULL, 0, 0),
	(54, 1, 1, NULL, 0, 0),
	(55, 1, 1, NULL, 0, 0),
	(56, 1, 1, NULL, 0, 0),
	(57, 1, 1, NULL, 0, 0),
	(58, 1, 1, NULL, 0, 0),
	(59, 1, 1, NULL, 0, 0),
	(60, 1, 1, NULL, 0, 0),
	(61, 1, 1, NULL, 0, 0),
	(62, 1, 1, NULL, 0, 0),
	(63, 1, 1, NULL, 0, 0),
	(64, 1, 1, NULL, 0, 0),
	(65, 1, 1, NULL, 0, 0),
	(66, 1, 1, NULL, 0, 0),
	(67, 1, 1, NULL, 0, 0),
	(69, 1, 1, NULL, 0, 0),
	(70, 1, 1, NULL, 0, 0),
	(71, 1, 1, NULL, 0, 0),
	(72, 1, 1, NULL, 0, 0),
	(73, 1, 1, NULL, 0, 0),
	(74, 1, 1, NULL, 0, 0),
	(75, 1, 1, NULL, 0, 0),
	(76, 1, 1, NULL, 0, 0),
	(77, 1, 1, NULL, 0, 0),
	(78, 1, 1, NULL, 0, 0),
	(79, 1, 1, NULL, 0, 0),
	(80, 1, 1, NULL, 0, 0),
	(81, 1, 1, NULL, 0, 0),
	(82, 1, 1, NULL, 0, 0),
	(83, 1, 1, NULL, 0, 0),
	(84, 1, 1, NULL, 0, 0),
	(85, 1, 1, NULL, 0, 0),
	(86, 1, 1, NULL, 0, 0),
	(87, 1, 1, NULL, 0, 0),
	(88, 1, 1, NULL, 0, 0),
	(89, 1, 1, NULL, 0, 0),
	(90, 1, 1, NULL, 0, 0),
	(91, 1, 1, NULL, 0, 0),
	(92, 1, 1, NULL, 0, 0),
	(93, 1, 1, NULL, 0, 0),
	(94, 1, 1, NULL, 0, 0),
	(95, 1, 1, NULL, 0, 0),
	(96, 1, 1, NULL, 0, 0),
	(97, 1, 1, NULL, 0, 0),
	(98, 1, 1, NULL, 0, 0),
	(99, 1, 1, NULL, 0, 0),
	(100, 1, 1, NULL, 0, 0),
	(101, 1, 1, NULL, 0, 0),
	(102, 1, 1, NULL, 0, 0),
	(103, 1, 1, NULL, 0, 0),
	(104, 1, 1, NULL, 0, 0),
	(105, 1, 1, NULL, 0, 0),
	(106, 1, 1, NULL, 0, 0),
	(107, 1, 1, NULL, 0, 0),
	(108, 1, 1, NULL, 0, 0),
	(109, 1, 1, NULL, 0, 0),
	(110, 1, 1, NULL, 0, 0),
	(111, 1, 1, NULL, 0, 0),
	(112, 1, 1, NULL, 0, 0),
	(113, 1, 1, NULL, 0, 0),
	(114, 1, 1, NULL, 0, 0),
	(115, 1, 1, NULL, 0, 0),
	(116, 1, 1, NULL, 0, 0),
	(117, 1, 1, NULL, 0, 0),
	(118, 1, 1, NULL, 0, 0),
	(119, 1, 1, NULL, 0, 0),
	(120, 1, 1, NULL, 0, 0);
/*!40000 ALTER TABLE `lessons` ENABLE KEYS */;

-- Дамп структуры для таблица yii_nppk_advanced.lessons_description
CREATE TABLE IF NOT EXISTS `lessons_description` (
  `lesson_id` int(11) NOT NULL,
  `language_id` int(11) NOT NULL,
  `name` varchar(255) DEFAULT NULL,
  `description` text,
  KEY `FK_lessons_description_lessons` (`lesson_id`),
  KEY `FK_lessons_description_languages` (`language_id`),
  CONSTRAINT `FK_lessons_description_languages` FOREIGN KEY (`language_id`) REFERENCES `languages` (`id`) ON DELETE CASCADE ON UPDATE CASCADE,
  CONSTRAINT `FK_lessons_description_lessons` FOREIGN KEY (`lesson_id`) REFERENCES `lessons` (`id`) ON DELETE CASCADE ON UPDATE CASCADE
) ENGINE=InnoDB DEFAULT CHARSET=utf8;

-- Дамп данных таблицы yii_nppk_advanced.lessons_description: ~236 rows (приблизительно)
/*!40000 ALTER TABLE `lessons_description` DISABLE KEYS */;
INSERT INTO `lessons_description` (`lesson_id`, `language_id`, `name`, `description`) VALUES
	(1, 1, 'Русский язык', NULL),
	(1, 2, 'Русский язык', NULL),
	(2, 1, 'Литература', NULL),
	(2, 2, 'Литература', NULL),
	(3, 1, 'Математика', NULL),
	(3, 2, 'Математика', NULL),
	(4, 1, 'Теория вероятностей', NULL),
	(4, 2, 'Теория вероятностей', NULL),
	(5, 1, 'Биология', NULL),
	(5, 2, 'Биология', NULL),
	(6, 1, 'Физ. культура', NULL),
	(6, 2, 'Физ. культура', NULL),
	(7, 1, 'Химия', NULL),
	(7, 2, 'Химия', NULL),
	(8, 1, 'История', NULL),
	(8, 2, 'История', NULL),
	(9, 1, 'Философия', NULL),
	(9, 2, 'Философия', NULL),
	(10, 1, 'Иностранный язык', NULL),
	(10, 2, 'Иностранный язык', NULL),
	(12, 1, 'Информатика', NULL),
	(12, 2, 'Информатика', NULL),
	(13, 1, 'География', NULL),
	(13, 2, 'География', NULL),
	(14, 1, 'Физика', NULL),
	(14, 2, 'Физика', NULL),
	(15, 1, 'Обществознание', NULL),
	(15, 2, 'Обществознание', NULL),
	(16, 1, 'Инженерная графика', NULL),
	(16, 2, 'Инженерная графика', NULL),
	(17, 1, 'ОБЖ', NULL),
	(17, 2, 'ОБЖ', NULL),
	(18, 1, 'Экология', NULL),
	(18, 2, 'Экология', NULL),
	(19, 1, 'ОСПИ', NULL),
	(19, 2, 'ОСПИ', NULL),
	(20, 1, 'Технология выполнения работ', NULL),
	(20, 2, 'Технология выполнения работ', NULL),
	(21, 1, 'Стр. матер. и изделия', NULL),
	(21, 2, 'Стр. матер. и изделия', NULL),
	(22, 1, 'Информатика и ИКТвПД', NULL),
	(22, 2, 'Информатика и ИКТвПД', NULL),
	(23, 1, 'Геодезия', NULL),
	(23, 2, 'Геодезия', NULL),
	(24, 1, 'Высшая математика', NULL),
	(24, 2, 'Высшая математика', NULL),
	(25, 1, 'ТСИ', NULL),
	(25, 2, 'ТСИ', NULL),
	(26, 1, 'Графика', NULL),
	(26, 2, 'Графика', NULL),
	(27, 1, 'Электроника ', NULL),
	(27, 2, 'Электроника ', NULL),
	(28, 1, 'БД', NULL),
	(28, 2, 'БД', NULL),
	(29, 1, 'Геология и геоморофлог', NULL),
	(29, 2, 'Геология и геоморофлог', NULL),
	(30, 1, 'ПОПД', NULL),
	(30, 2, 'ПОПД', NULL),
	(31, 1, 'Топография', NULL),
	(31, 2, 'Топография', NULL),
	(32, 1, 'ОТИ', NULL),
	(32, 2, 'ОТИ', NULL),
	(33, 1, 'Классный час', NULL),
	(33, 2, 'Классный час', NULL),
	(34, 1, 'Бухгалтер. учет', NULL),
	(34, 2, 'Бухгалтер. учет', NULL),
	(35, 1, 'Топографич. графика', NULL),
	(35, 2, 'Топографич. графика', NULL),
	(36, 1, 'ООЗИ', NULL),
	(36, 2, 'ООЗИ', NULL),
	(37, 1, 'Ботаника', NULL),
	(37, 2, 'Ботаника', NULL),
	(38, 1, 'Фитодизайн', NULL),
	(38, 2, 'Фитодизайн', NULL),
	(39, 1, 'Озеленение интерьеров', NULL),
	(39, 2, 'Озеленение интерьеров', NULL),
	(40, 1, 'Программное обеспечение', NULL),
	(40, 2, 'Программное обеспечение', NULL),
	(41, 1, 'Операцион.системы', NULL),
	(41, 2, 'Операцион.системы', NULL),
	(42, 1, 'Алгоритмиризация', NULL),
	(42, 2, 'Алгоритмиризация', NULL),
	(43, 1, 'Геоинформатика', NULL),
	(43, 2, 'Геоинформатика', NULL),
	(44, 1, 'Информац. технологии', NULL),
	(44, 2, 'Информац. технологии', NULL),
	(45, 1, 'МДК 02.01', NULL),
	(45, 2, 'МДК 02.01', NULL),
	(46, 1, 'Экономичес. теория', NULL),
	(46, 2, 'Экономичес. теория', NULL),
	(47, 1, 'МДК 03.01', NULL),
	(47, 2, 'МДК 03.01', NULL),
	(48, 1, 'Экономика организации', NULL),
	(48, 2, 'Экономика организации', NULL),
	(49, 1, 'ТОСП', NULL),
	(49, 2, 'ТОСП', NULL),
	(50, 1, 'Архитектура зданий', NULL),
	(50, 2, 'Архитектура зданий', NULL),
	(51, 1, 'Дендрология', NULL),
	(51, 2, 'Дендрология', NULL),
	(52, 1, 'Тренинг', NULL),
	(52, 2, 'Тренинг', NULL),
	(53, 1, 'Веб-програм', NULL),
	(53, 2, 'Веб-програм', NULL),
	(54, 1, 'Анимация', NULL),
	(54, 2, 'Анимация', NULL),
	(55, 1, 'Строительн. материалы', NULL),
	(55, 2, 'Строительн. материалы', NULL),
	(56, 1, 'Теория оценки', NULL),
	(56, 2, 'Теория оценки', NULL),
	(57, 1, 'ПСД', NULL),
	(57, 2, 'ПСД', NULL),
	(58, 1, 'ПОСПС', NULL),
	(58, 2, 'ПОСПС', NULL),
	(59, 1, 'Психология', NULL),
	(59, 2, 'Психология', NULL),
	(60, 1, 'Основы почвоведения', NULL),
	(60, 2, 'Основы почвоведения', NULL),
	(61, 1, 'Техническая механика', NULL),
	(61, 2, 'Техническая механика', NULL),
	(62, 1, 'Программирование', NULL),
	(62, 2, 'Программирование', NULL),
	(63, 1, 'Информ. безопасность', NULL),
	(63, 2, 'Информ. безопасность', NULL),
	(64, 1, 'Мультимедиа технол.', NULL),
	(64, 2, 'Мультимедиа технол.', NULL),
	(65, 1, 'Менеджем. и маркетинг', NULL),
	(65, 2, 'Менеджем. и маркетинг', NULL),
	(66, 1, 'ИТПД', NULL),
	(66, 2, 'ИТПД', NULL),
	(67, 1, 'Строительн. конструкции', NULL),
	(67, 2, 'Строительн. конструкции', NULL),
	(69, 1, 'Графика', NULL),
	(69, 2, 'Графика', NULL),
	(70, 1, 'Видео', NULL),
	(70, 2, 'Видео', NULL),
	(71, 1, 'Строительн. машины', NULL),
	(71, 2, 'Строительн. машины', NULL),
	(72, 1, 'БЖ', NULL),
	(72, 2, 'БЖ', NULL),
	(73, 1, 'ДОУ', NULL),
	(73, 2, 'ДОУ', NULL),
	(74, 1, 'Производственная практика', NULL),
	(74, 2, 'Производственная практика', NULL),
	(75, 1, 'МДК 04.02', NULL),
	(75, 2, 'МДК 04.02', NULL),
	(76, 1, 'Градостроительство', NULL),
	(76, 2, 'Градостроительство', NULL),
	(77, 1, 'ТПР', NULL),
	(77, 2, 'ТПР', NULL),
	(78, 1, 'Философия', NULL),
	(78, 2, 'Философия', NULL),
	(79, 1, 'Охрана труда', NULL),
	(79, 2, 'Охрана труда', NULL),
	(80, 1, 'ТКС', NULL),
	(80, 2, 'ТКС', NULL),
	(81, 1, 'Деф-смета', NULL),
	(81, 2, 'Деф-смета', NULL),
	(82, 1, 'Компас', NULL),
	(82, 2, 'Компас', NULL),
	(83, 1, 'Современ. технологии', NULL),
	(83, 2, 'Современ. технологии', NULL),
	(84, 1, 'ТЭЗС', NULL),
	(84, 2, 'ТЭЗС', NULL),
	(85, 1, 'ТРПП', NULL),
	(85, 2, 'ТРПП', NULL),
	(86, 1, 'Компьютер. графика ', NULL),
	(86, 2, 'Компьютер. графика ', NULL),
	(87, 1, 'МПО', NULL),
	(87, 2, 'МПО', NULL),
	(88, 1, 'Метрология', NULL),
	(88, 2, 'Метрология', NULL),
	(89, 1, 'РС И ППО', NULL),
	(89, 2, 'РС И ППО', NULL),
	(90, 1, 'Цветоводство', NULL),
	(90, 2, 'Цветоводство', NULL),
	(91, 1, 'СПСХ', NULL),
	(91, 2, 'СПСХ', NULL),
	(92, 1, 'Сметная документац.', NULL),
	(92, 2, 'Сметная документац.', NULL),
	(93, 1, 'Педагодика', NULL),
	(93, 2, 'Педагодика', NULL),
	(94, 1, 'Компьютерные сети', NULL),
	(94, 2, 'Компьютерные сети', NULL),
	(95, 1, 'Сетевые технологии', NULL),
	(95, 2, 'Сетевые технологии', NULL),
	(96, 1, 'ПАПП', NULL),
	(96, 2, 'ПАПП', NULL),
	(97, 1, 'АСУ', NULL),
	(97, 2, 'АСУ', NULL),
	(98, 1, 'ИСОГД', NULL),
	(98, 2, 'ИСОГД', NULL),
	(99, 1, 'ГОГиКР', NULL),
	(99, 2, 'ГОГиКР', NULL),
	(100, 1, 'Государст. кадастр', NULL),
	(100, 2, 'Государст. кадастр', NULL),
	(101, 1, 'Практикум', NULL),
	(101, 2, 'Практикум', NULL),
	(102, 1, 'ПМ.05', NULL),
	(102, 2, 'ПМ.05', NULL),
	(103, 1, 'Архитектура и ЭВМ', NULL),
	(103, 2, 'Архитектура и ЭВМ', NULL),
	(104, 1, 'Дискретная математика', NULL),
	(104, 2, 'Дискретная математика', NULL),
	(105, 1, 'Статистика', NULL),
	(105, 2, 'Статистика', NULL),
	(106, 1, 'Учебная пратика', NULL),
	(106, 2, 'Учебная пратика', NULL),
	(107, 1, 'ПМ.04', NULL),
	(107, 2, 'ПМ.04', NULL),
	(108, 1, 'Теория алгоритмов', NULL),
	(108, 2, 'Теория алгоритмов', NULL),
	(109, 1, 'Анатомия', NULL),
	(109, 2, 'Анатомия', NULL),
	(110, 1, 'Менеджемент', NULL),
	(110, 2, 'Менеджемент', NULL),
	(111, 1, 'Автокад', NULL),
	(111, 2, 'Автокад', NULL),
	(112, 1, 'Маркетинг', NULL),
	(112, 2, 'Маркетинг', NULL),
	(113, 1, 'Фотограмметрия', NULL),
	(113, 2, 'Фотограмметрия', NULL),
	(114, 1, 'Психология общения', NULL),
	(114, 2, 'Психология общения', NULL),
	(115, 1, 'Ценообразование', NULL),
	(115, 2, 'Ценообразование', NULL),
	(116, 1, 'Типология зданий', NULL),
	(116, 2, 'Типология зданий', NULL),
	(117, 1, 'ТСО', NULL),
	(117, 2, 'ТСО', NULL),
	(118, 1, 'МДК 01.01 Раздел 1', NULL),
	(118, 2, 'МДК 01.01 Раздел 1', NULL),
	(119, 1, 'УП по ПМ.05', NULL),
	(119, 2, 'УП по ПМ.05', NULL),
	(120, 1, 'УП по ПМ.04 до 05.10', NULL),
	(120, 2, 'УП по ПМ.04 до 05.10', NULL);
/*!40000 ALTER TABLE `lessons_description` ENABLE KEYS */;

-- Дамп структуры для таблица yii_nppk_advanced.migration
CREATE TABLE IF NOT EXISTS `migration` (
  `version` varchar(180) NOT NULL,
  `apply_time` int(11) DEFAULT NULL,
  PRIMARY KEY (`version`)
) ENGINE=InnoDB DEFAULT CHARSET=utf8;

-- Дамп данных таблицы yii_nppk_advanced.migration: ~3 rows (приблизительно)
/*!40000 ALTER TABLE `migration` DISABLE KEYS */;
INSERT INTO `migration` (`version`, `apply_time`) VALUES
	('m000000_000000_base', 1537321351),
	('m130524_201442_init', 1537321353),
	('m180919_015830_insert_user', 1537323629);
/*!40000 ALTER TABLE `migration` ENABLE KEYS */;

-- Дамп структуры для таблица yii_nppk_advanced.rooms
CREATE TABLE IF NOT EXISTS `rooms` (
  `id` int(11) NOT NULL AUTO_INCREMENT,
  `sort_order` int(3) NOT NULL DEFAULT '0',
  `published` tinyint(1) NOT NULL DEFAULT '1',
  `image_id` int(11) DEFAULT NULL,
  `created_by` int(11) DEFAULT NULL,
  `updated_by` int(11) DEFAULT NULL,
  `created_at` int(11) NOT NULL,
  `updated_at` int(11) NOT NULL,
  PRIMARY KEY (`id`),
  KEY `FK_rooms_users_created` (`created_by`),
  KEY `FK_rooms_users_updated` (`updated_by`),
  KEY `FK_rooms_images` (`image_id`),
  CONSTRAINT `FK_rooms_images` FOREIGN KEY (`image_id`) REFERENCES `images` (`id`) ON DELETE SET NULL ON UPDATE CASCADE,
  CONSTRAINT `FK_rooms_users_created` FOREIGN KEY (`created_by`) REFERENCES `users` (`id`) ON DELETE SET NULL ON UPDATE CASCADE,
  CONSTRAINT `FK_rooms_users_updated` FOREIGN KEY (`updated_by`) REFERENCES `users` (`id`) ON DELETE SET NULL ON UPDATE CASCADE
) ENGINE=InnoDB AUTO_INCREMENT=28 DEFAULT CHARSET=utf8 COMMENT='Кабинеты проведений занятий';

-- Дамп данных таблицы yii_nppk_advanced.rooms: ~27 rows (приблизительно)
/*!40000 ALTER TABLE `rooms` DISABLE KEYS */;
INSERT INTO `rooms` (`id`, `sort_order`, `published`, `image_id`, `created_by`, `updated_by`, `created_at`, `updated_at`) VALUES
	(1, 1, 1, 9, 1, NULL, 0, 0),
	(2, 2, 1, 13, 1, NULL, 0, 0),
	(3, 18, 1, 1, 1, NULL, 0, 0),
	(4, 3, 1, 17, 1, NULL, 0, 0),
	(5, 16, 1, 43, 1, NULL, 0, 0),
	(6, 15, 1, 38, 1, NULL, 0, 0),
	(7, 14, 1, 32, 1, NULL, 0, 0),
	(8, 6, 1, 65, 1, NULL, 0, 0),
	(9, 4, 1, 91, 1, NULL, 0, 0),
	(10, 7, 1, 72, 1, NULL, 0, 0),
	(11, 5, 1, 60, 1, NULL, 0, 0),
	(12, 8, 0, 38, 1, NULL, 0, 0),
	(13, 9, 1, 54, 1, NULL, 0, 0),
	(14, 10, 1, 23, 1, NULL, 0, 0),
	(15, 11, 1, 76, 1, NULL, 0, 0),
	(16, 12, 1, 29, 1, NULL, 0, 0),
	(17, 13, 0, 38, 1, NULL, 0, 0),
	(18, 17, 1, 4, 1, NULL, 0, 0),
	(19, 19, 0, 38, 1, NULL, 0, 0),
	(20, 20, 0, 38, 1, NULL, 0, 0),
	(21, 21, 0, 38, 1, NULL, 0, 0),
	(22, 22, 0, 38, 1, NULL, 0, 0),
	(23, 23, 1, 82, 1, NULL, 0, 0),
	(24, 24, 0, 38, 1, NULL, 0, 0),
	(25, 25, 1, 86, 1, NULL, 0, 0),
	(26, 26, 1, 49, 1, NULL, 0, 0),
	(27, 1, 1, 9, 1, NULL, 0, 0);
/*!40000 ALTER TABLE `rooms` ENABLE KEYS */;

-- Дамп структуры для таблица yii_nppk_advanced.rooms_description
CREATE TABLE IF NOT EXISTS `rooms_description` (
  `room_id` int(11) NOT NULL,
  `language_id` int(11) NOT NULL,
  `number` varchar(255) DEFAULT NULL,
  `name` varchar(255) DEFAULT NULL,
  `description` text,
  KEY `FK_rooms_description_rooms` (`room_id`),
  KEY `FK_rooms_description_languages` (`language_id`),
  CONSTRAINT `FK_rooms_description_languages` FOREIGN KEY (`language_id`) REFERENCES `languages` (`id`) ON DELETE CASCADE ON UPDATE CASCADE,
  CONSTRAINT `FK_rooms_description_rooms` FOREIGN KEY (`room_id`) REFERENCES `rooms` (`id`) ON DELETE CASCADE ON UPDATE CASCADE
) ENGINE=InnoDB DEFAULT CHARSET=utf8;

-- Дамп данных таблицы yii_nppk_advanced.rooms_description: ~52 rows (приблизительно)
/*!40000 ALTER TABLE `rooms_description` DISABLE KEYS */;
INSERT INTO `rooms_description` (`room_id`, `language_id`, `number`, `name`, `description`) VALUES
	(1, 1, '4 кабинет', 'Кабинет теории информации, операционных систем и сред<br>\r\nЛаборатория технических средств обучения, компьютеризации профессиональной деятельности', '<p><a class="thumbnail" href="/data/rooms/kab4_1.jpg"><img src="/data/rooms/kab4_1.jpg" alt="Фото 1"></a></p>\r\n<p><a class="thumbnail" href="/data/rooms/kab4_2.jpg"><img src="/data/rooms/kab4_2.jpg" alt="Фото 2"></a></p>\r\n<p><a class="thumbnail" href="/data/rooms/kab4_3.jpg"><img src="/data/rooms/kab4_3.jpg" alt="Фото 3"></a></p>\r\n<p><a class="thumbnail" href="/data/rooms/kab4_4.jpg"><img src="/data/rooms/kab4_4.jpg" alt="Фото 4"></a></p>\r\n<p><a class="thumbnail" href="/data/rooms/kab4_5.jpg"><img src="/data/rooms/kab4_5.jpg" alt="Фото 5"></a></p>'),
	(1, 2, '4 room', 'Cabinet theories of information, operating systems and media <br>\r\nLaboratory technical means of training, computerization of professional activity', '<p><a class="thumbnail" href="/data/rooms/kab4_1.jpg"><img src="/data/rooms/kab4_1.jpg" alt="Фото 1"></a></p>\r\n<p><a class="thumbnail" href="/data/rooms/kab4_2.jpg"><img src="/data/rooms/kab4_2.jpg" alt="Фото 2"></a></p>\r\n<p><a class="thumbnail" href="/data/rooms/kab4_3.jpg"><img src="/data/rooms/kab4_3.jpg" alt="Фото 3"></a></p>\r\n<p><a class="thumbnail" href="/data/rooms/kab4_4.jpg"><img src="/data/rooms/kab4_4.jpg" alt="Фото 4"></a></p>\r\n<p><a class="thumbnail" href="/data/rooms/kab4_5.jpg"><img src="/data/rooms/kab4_5.jpg" alt="Фото 5"></a></p>'),
	(2, 1, '5 кабинет', 'Кабинет архитектуры электронно-вычислительных машин и вычислительных систем<br>\r\nЛаборатория обработки информации отраслевой направлинности', '<p><a class="thumbnail" href="/data/rooms/kab5_1.jpg"><img src="/data/rooms/kab5_1.jpg" alt="Фото 1"></a></p>\r\n<p><a class="thumbnail" href="/data/rooms/kab5_2.jpg"><img src="/data/rooms/kab5_2.jpg" alt="Фото 2"></a></p>\r\n<p><a class="thumbnail" href="/data/rooms/kab5_3.jpg"><img src="/data/rooms/kab5_3.jpg" alt="Фото 3"></a></p>\r\n<p><a class="thumbnail" href="/data/rooms/kab5_4.jpg"><img src="/data/rooms/kab5_4.jpg" alt="Фото 4"></a></p>'),
	(2, 2, '5 room', 'Cabinet architecture of electronic computers and computer systems. Laboratory information processing of sectoral focus', '<p><a class="thumbnail" href="/data/rooms/kab5_1.jpg"><img src="/data/rooms/kab5_1.jpg" alt="Фото 1"></a></p>\r\n<p><a class="thumbnail" href="/data/rooms/kab5_2.jpg"><img src="/data/rooms/kab5_2.jpg" alt="Фото 2"></a></p>\r\n<p><a class="thumbnail" href="/data/rooms/kab5_3.jpg"><img src="/data/rooms/kab5_3.jpg" alt="Фото 3"></a></p>\r\n<p><a class="thumbnail" href="/data/rooms/kab5_4.jpg"><img src="/data/rooms/kab5_4.jpg" alt="Фото 4"></a></p>'),
	(3, 1, 'Гимнастический зал', 'Гимнастический зал', '<p><a class="thumbnail" href="/data/rooms/gym1.jpg"><img src="/data/rooms/gym1.jpg" alt="Гимнастический зал Фото 1"></a></p>\r\n<p><a class="thumbnail" href="/data/rooms/gym2.jpg"><img src="/data/rooms/gym2.jpg" alt="Гимнастический зал Фото 2"></a></p>\r\n<p><a class="thumbnail" href="/data/rooms/gym3.jpg"><img src="/data/rooms/gym3.jpg" alt="Гимнастический зал Фото 3"></a></p>'),
	(3, 2, 'Gym', 'Gym', '<p><a class="thumbnail" href="/data/rooms/gym1.jpg"><img src="/data/rooms/gym1.jpg" alt="Гимнастический зал Фото 1"></a></p>\r\n<p><a class="thumbnail" href="/data/rooms/gym2.jpg"><img src="/data/rooms/gym2.jpg" alt="Гимнастический зал Фото 2"></a></p>\r\n<p><a class="thumbnail" href="/data/rooms/gym3.jpg"><img src="/data/rooms/gym3.jpg" alt="Гимнастический зал Фото 3"></a></p>'),
	(4, 1, '6 кабинет', 'Кабинет информатики. Лаборатория геоинформационных систем и автоматизированных систем ведения казастра', '<p><a class="thumbnail" href="/data/rooms/kab6_1.jpg"><img src="/data/rooms/kab6_1.jpg" alt="Фото 1"></a></p>\r\n<p><a class="thumbnail" href="/data/rooms/kab6_2.jpg"><img src="/data/rooms/kab6_2.jpg" alt="Фото 2"></a></p>\r\n<p><a class="thumbnail" href="/data/rooms/kab6_3.jpg"><img src="/data/rooms/kab6_3.jpg" alt="Фото 3"></a></p>\r\n<p><a class="thumbnail" href="/data/rooms/kab6_4.jpg"><img src="/data/rooms/kab6_4.jpg" alt="Фото 4"></a></p>\r\n<p><a class="thumbnail" href="/data/rooms/kab6_5.jpg"><img src="/data/rooms/kab6_5.jpg" alt="Фото 5"></a></p>\r\n<p><a class="thumbnail" href="/data/rooms/kab6_6.jpg"><img src="/data/rooms/kab6_6.jpg" alt="Фото 6"></a></p>'),
	(4, 2, '6 room', 'Cabinet informatics. Laboratory geoinformation systems and automated systems for managing a Kazakhstar', '<p><a class="thumbnail" href="/data/rooms/kab6_1.jpg"><img src="/data/rooms/kab6_1.jpg" alt="Фото 1"></a></p>\r\n<p><a class="thumbnail" href="/data/rooms/kab6_2.jpg"><img src="/data/rooms/kab6_2.jpg" alt="Фото 2"></a></p>\r\n<p><a class="thumbnail" href="/data/rooms/kab6_3.jpg"><img src="/data/rooms/kab6_3.jpg" alt="Фото 3"></a></p>\r\n<p><a class="thumbnail" href="/data/rooms/kab6_4.jpg"><img src="/data/rooms/kab6_4.jpg" alt="Фото 4"></a></p>\r\n<p><a class="thumbnail" href="/data/rooms/kab6_5.jpg"><img src="/data/rooms/kab6_5.jpg" alt="Фото 5"></a></p>\r\n<p><a class="thumbnail" href="/data/rooms/kab6_6.jpg"><img src="/data/rooms/kab6_6.jpg" alt="Фото 6"></a></p>'),
	(5, 1, '209 кабинет', 'Кабинет топографической графики. Лаборатория технологии кадастровой съёмки; геодезии и прикладной фотограмметрики', '<p><a class="thumbnail" href="/data/rooms/kab209_1.jpg"><img src="/data/rooms/kab209_1.jpg" alt="Фото 1"></a></p>\r\n<p><a class="thumbnail" href="/data/rooms/kab209_2.jpg"><img src="/data/rooms/kab209_2.jpg" alt="Фото 2"></a></p>\r\n<p><a class="thumbnail" href="/data/rooms/kab209_3.jpg"><img src="/data/rooms/kab209_3.jpg" alt="Фото 3"></a></p>\r\n<p><a class="thumbnail" href="/data/rooms/kab209_4.jpg"><img src="/data/rooms/kab209_4.jpg" alt="Фото 4"></a></p>\r\n<p><a class="thumbnail" href="/data/rooms/kab209_5.jpg"><img src="/data/rooms/kab209_5.jpg" alt="Фото 5"></a></p>\r\n<p><a class="thumbnail" href="/data/rooms/kab209_6.jpg"><img src="/data/rooms/kab209_6.jpg" alt="Фото 6"></a></p>'),
	(5, 2, '209 room', 'Cabinet topographic graphics. Laboratory cadastral survey technology; geodesy and applied photogrammetrics', '<p><a class="thumbnail" href="/data/rooms/kab209_1.jpg"><img src="/data/rooms/kab209_1.jpg" alt="Фото 1"></a></p>\r\n<p><a class="thumbnail" href="/data/rooms/kab209_2.jpg"><img src="/data/rooms/kab209_2.jpg" alt="Фото 2"></a></p>\r\n<p><a class="thumbnail" href="/data/rooms/kab209_3.jpg"><img src="/data/rooms/kab209_3.jpg" alt="Фото 3"></a></p>\r\n<p><a class="thumbnail" href="/data/rooms/kab209_4.jpg"><img src="/data/rooms/kab209_4.jpg" alt="Фото 4"></a></p>\r\n<p><a class="thumbnail" href="/data/rooms/kab209_5.jpg"><img src="/data/rooms/kab209_5.jpg" alt="Фото 5"></a></p>\r\n<p><a class="thumbnail" href="/data/rooms/kab209_6.jpg"><img src="/data/rooms/kab209_6.jpg" alt="Фото 6"></a></p>'),
	(6, 1, '208 кабинет', 'Кабинет русского языка и литературы', '<p><a class="thumbnail" href="/data/rooms/kab208_1.jpg"><img src="/data/rooms/kab208_1.jpg" alt="Фото 1"></a></p>\r\n<p><a class="thumbnail" href="/data/rooms/kab208_2.jpg"><img src="/data/rooms/kab208_2.jpg" alt="Фото 2"></a></p>\r\n<p><a class="thumbnail" href="/data/rooms/kab208_3.jpg"><img src="/data/rooms/kab208_3.jpg" alt="Фото 3"></a></p>\r\n<p><a class="thumbnail" href="/data/rooms/kab208_4.jpg"><img src="/data/rooms/kab208_4.jpg" alt="Фото 4"></a></p>\r\n<p><a class="thumbnail" href="/data/rooms/kab208_5.jpg"><img src="/data/rooms/kab208_5.jpg" alt="Фото 5"></a></p>'),
	(6, 2, '208 room', 'Cabinet russian language and literature', '<p><a class="thumbnail" href="/data/rooms/kab208_1.jpg"><img src="/data/rooms/kab208_1.jpg" alt="Фото 1"></a></p>\r\n<p><a class="thumbnail" href="/data/rooms/kab208_2.jpg"><img src="/data/rooms/kab208_2.jpg" alt="Фото 2"></a></p>\r\n<p><a class="thumbnail" href="/data/rooms/kab208_3.jpg"><img src="/data/rooms/kab208_3.jpg" alt="Фото 3"></a></p>\r\n<p><a class="thumbnail" href="/data/rooms/kab208_4.jpg"><img src="/data/rooms/kab208_4.jpg" alt="Фото 4"></a></p>\r\n<p><a class="thumbnail" href="/data/rooms/kab208_5.jpg"><img src="/data/rooms/kab208_5.jpg" alt="Фото 5"></a></p>'),
	(7, 1, '207 кабинет', 'Кабинет безопасности жизнидеятельности и охраны труда. Стрелковый Тир', '<p><a class="thumbnail" href="/data/rooms/kab207_1.jpg"><img src="/data/rooms/kab207_1.jpg" alt="Фото 1"></a></p>\r\n<p><a class="thumbnail" href="/data/rooms/kab207_2.jpg"><img src="/data/rooms/kab207_2.jpg" alt="Фото 2"></a></p>\r\n<p><a class="thumbnail" href="/data/rooms/kab207_3.jpg"><img src="/data/rooms/kab207_3.jpg" alt="Фото 3"></a></p>\r\n<p><a class="thumbnail" href="/data/rooms/kab207_4.jpg"><img src="/data/rooms/kab207_4.jpg" alt="Фото 4"></a></p>\r\n<p><a class="thumbnail" href="/data/rooms/kab207_5.jpg"><img src="/data/rooms/kab207_5.jpg" alt="Фото 5"></a></p>\r\n<p><a class="thumbnail" href="/data/rooms/kab207_6.jpg"><img src="/data/rooms/kab207_6.jpg" alt="Фото 6"></a></p>'),
	(7, 2, '207 room', 'Cabinet of Life Safety and Labor Protection. Shooting Tire', '<p><a class="thumbnail" href="/data/rooms/kab207_1.jpg"><img src="/data/rooms/kab207_1.jpg" alt="Фото 1"></a></p>\r\n<p><a class="thumbnail" href="/data/rooms/kab207_2.jpg"><img src="/data/rooms/kab207_2.jpg" alt="Фото 2"></a></p>\r\n<p><a class="thumbnail" href="/data/rooms/kab207_3.jpg"><img src="/data/rooms/kab207_3.jpg" alt="Фото 3"></a></p>\r\n<p><a class="thumbnail" href="/data/rooms/kab207_4.jpg"><img src="/data/rooms/kab207_4.jpg" alt="Фото 4"></a></p>\r\n<p><a class="thumbnail" href="/data/rooms/kab207_5.jpg"><img src="/data/rooms/kab207_5.jpg" alt="Фото 5"></a></p>\r\n<p><a class="thumbnail" href="/data/rooms/kab207_6.jpg"><img src="/data/rooms/kab207_6.jpg" alt="Фото 6"></a></p>'),
	(8, 1, '111 кабинет', 'Кабинет основ алгоритмизации и программирования. Лаборатория информационных технологий в профессиональной деятельности', '<p><a class="thumbnail" href="/data/rooms/kab111_1.jpg"><img src="/data/rooms/kab111_1.jpg" alt="Фото 1"></a></p>\r\n<p><a class="thumbnail" href="/data/rooms/kab111_2.jpg"><img src="/data/rooms/kab111_2.jpg" alt="Фото 2"></a></p>\r\n<p><a class="thumbnail" href="/data/rooms/kab111_3.jpg"><img src="/data/rooms/kab111_3.jpg" alt="Фото 3"></a></p>\r\n<p><a class="thumbnail" href="/data/rooms/kab111_4.jpg"><img src="/data/rooms/kab111_4.jpg" alt="Фото 4"></a></p>\r\n<p><a class="thumbnail" href="/data/rooms/kab111_5.jpg"><img src="/data/rooms/kab111_5.jpg" alt="Фото 5"></a></p>\r\n<p><a class="thumbnail" href="/data/rooms/kab111_6.jpg"><img src="/data/rooms/kab111_6.jpg" alt="Фото 6"></a></p>'),
	(8, 2, '111 room', 'Cabinet of the Fundamentals of Algorithmization and Programming.  Laboratory of Information Technologies in Professional Activities', '<p><a class="thumbnail" href="/data/rooms/kab111_1.jpg"><img src="/data/rooms/kab111_1.jpg" alt="Фото 1"></a></p>\r\n<p><a class="thumbnail" href="/data/rooms/kab111_2.jpg"><img src="/data/rooms/kab111_2.jpg" alt="Фото 2"></a></p>\r\n<p><a class="thumbnail" href="/data/rooms/kab111_3.jpg"><img src="/data/rooms/kab111_3.jpg" alt="Фото 3"></a></p>\r\n<p><a class="thumbnail" href="/data/rooms/kab111_4.jpg"><img src="/data/rooms/kab111_4.jpg" alt="Фото 4"></a></p>\r\n<p><a class="thumbnail" href="/data/rooms/kab111_5.jpg"><img src="/data/rooms/kab111_5.jpg" alt="Фото 5"></a></p>\r\n<p><a class="thumbnail" href="/data/rooms/kab111_6.jpg"><img src="/data/rooms/kab111_6.jpg" alt="Фото 6"></a></p>'),
	(9, 1, '7 кабинет', 'Кабинет операционных систем и сред, архитектуры электронно-вычислительных машин и вычислительных систем. Лаборатория информационных технологий и профессиональной деятельности', '<p><a class="thumbnail" href="/data/rooms/kab111_1.jpg"><img src="/data/rooms/kab111_1.jpg" alt="Фото 1"></a></p>\r\n<p><a class="thumbnail" href="/data/rooms/kab111_2.jpg"><img src="/data/rooms/kab111_2.jpg" alt="Фото 2"></a></p>\r\n<p><a class="thumbnail" href="/data/rooms/kab111_3.jpg"><img src="/data/rooms/kab111_3.jpg" alt="Фото 3"></a></p>\r\n<p><a class="thumbnail" href="/data/rooms/kab111_4.jpg"><img src="/data/rooms/kab111_4.jpg" alt="Фото 4"></a></p>\r\n<p><a class="thumbnail" href="/data/rooms/kab111_5.jpg"><img src="/data/rooms/kab111_5.jpg" alt="Фото 5"></a></p>\r\n<p><a class="thumbnail" href="/data/rooms/kab111_6.jpg"><img src="/data/rooms/kab111_6.jpg" alt="Фото 6"></a></p>'),
	(9, 2, '7 room', 'The Cabinet of Operating Systems and Media, the architecture of electronic computers and computer systems. Laboratory of Information Technologies and Professional Activities', '<p><a class="thumbnail" href="/data/rooms/kab111_1.jpg"><img src="/data/rooms/kab111_1.jpg" alt="Фото 1"></a></p>\r\n<p><a class="thumbnail" href="/data/rooms/kab111_2.jpg"><img src="/data/rooms/kab111_2.jpg" alt="Фото 2"></a></p>\r\n<p><a class="thumbnail" href="/data/rooms/kab111_3.jpg"><img src="/data/rooms/kab111_3.jpg" alt="Фото 3"></a></p>\r\n<p><a class="thumbnail" href="/data/rooms/kab111_4.jpg"><img src="/data/rooms/kab111_4.jpg" alt="Фото 4"></a></p>\r\n<p><a class="thumbnail" href="/data/rooms/kab111_5.jpg"><img src="/data/rooms/kab111_5.jpg" alt="Фото 5"></a></p>\r\n<p><a class="thumbnail" href="/data/rooms/kab111_6.jpg"><img src="/data/rooms/kab111_6.jpg" alt="Фото 6"></a></p>'),
	(10, 1, '112 кабинет', 'Кабинет Операционных систем и сред, архитектуры электронно-вычислительных машин и вычислительных систем<br>Лаборатория Информационных технологий и профессиональной деятельности', '<p><a class="thumbnail" href="/data/rooms/kab111_1.jpg"><img src="/data/rooms/kab111_1.jpg" alt="Фото 1"></a></p>\r\n<p><a class="thumbnail" href="/data/rooms/kab111_2.jpg"><img src="/data/rooms/kab111_2.jpg" alt="Фото 2"></a></p>\r\n<p><a class="thumbnail" href="/data/rooms/kab111_3.jpg"><img src="/data/rooms/kab111_3.jpg" alt="Фото 3"></a></p>\r\n<p><a class="thumbnail" href="/data/rooms/kab111_4.jpg"><img src="/data/rooms/kab111_4.jpg" alt="Фото 4"></a></p>\r\n<p><a class="thumbnail" href="/data/rooms/kab111_5.jpg"><img src="/data/rooms/kab111_5.jpg" alt="Фото 5"></a></p>\r\n<p><a class="thumbnail" href="/data/rooms/kab111_6.jpg"><img src="/data/rooms/kab111_6.jpg" alt="Фото 6"></a></p>'),
	(10, 2, '112 room', 'The Cabinet of Operating Systems and Media, the architecture of electronic computers and computer systems <br> Laboratory of Information Technologies and Professional Activities', '<p><a class="thumbnail" href="/data/rooms/kab111_1.jpg"><img src="/data/rooms/kab111_1.jpg" alt="Фото 1"></a></p>\r\n<p><a class="thumbnail" href="/data/rooms/kab111_2.jpg"><img src="/data/rooms/kab111_2.jpg" alt="Фото 2"></a></p>\r\n<p><a class="thumbnail" href="/data/rooms/kab111_3.jpg"><img src="/data/rooms/kab111_3.jpg" alt="Фото 3"></a></p>\r\n<p><a class="thumbnail" href="/data/rooms/kab111_4.jpg"><img src="/data/rooms/kab111_4.jpg" alt="Фото 4"></a></p>\r\n<p><a class="thumbnail" href="/data/rooms/kab111_5.jpg"><img src="/data/rooms/kab111_5.jpg" alt="Фото 5"></a></p>\r\n<p><a class="thumbnail" href="/data/rooms/kab111_6.jpg"><img src="/data/rooms/kab111_6.jpg" alt="Фото 6"></a></p>'),
	(11, 1, '107 кабинет', 'Кабинет физики и электротехники', '<p><a class="thumbnail" href="/data/rooms/kab111_1.jpg"><img src="/data/rooms/kab111_1.jpg" alt="Фото 1"></a></p>\r\n<p><a class="thumbnail" href="/data/rooms/kab111_2.jpg"><img src="/data/rooms/kab111_2.jpg" alt="Фото 2"></a></p>\r\n<p><a class="thumbnail" href="/data/rooms/kab111_3.jpg"><img src="/data/rooms/kab111_3.jpg" alt="Фото 3"></a></p>\r\n<p><a class="thumbnail" href="/data/rooms/kab111_4.jpg"><img src="/data/rooms/kab111_4.jpg" alt="Фото 4"></a></p>\r\n<p><a class="thumbnail" href="/data/rooms/kab111_5.jpg"><img src="/data/rooms/kab111_5.jpg" alt="Фото 5"></a></p>\r\n<p><a class="thumbnail" href="/data/rooms/kab111_6.jpg"><img src="/data/rooms/kab111_6.jpg" alt="Фото 6"></a></p>'),
	(11, 2, '107 room', 'Cabinet of Physics and Electrical Engineering', '<p><a class="thumbnail" href="/data/rooms/kab111_1.jpg"><img src="/data/rooms/kab111_1.jpg" alt="Фото 1"></a></p>\r\n<p><a class="thumbnail" href="/data/rooms/kab111_2.jpg"><img src="/data/rooms/kab111_2.jpg" alt="Фото 2"></a></p>\r\n<p><a class="thumbnail" href="/data/rooms/kab111_3.jpg"><img src="/data/rooms/kab111_3.jpg" alt="Фото 3"></a></p>\r\n<p><a class="thumbnail" href="/data/rooms/kab111_4.jpg"><img src="/data/rooms/kab111_4.jpg" alt="Фото 4"></a></p>\r\n<p><a class="thumbnail" href="/data/rooms/kab111_5.jpg"><img src="/data/rooms/kab111_5.jpg" alt="Фото 5"></a></p>\r\n<p><a class="thumbnail" href="/data/rooms/kab111_6.jpg"><img src="/data/rooms/kab111_6.jpg" alt="Фото 6"></a></p>'),
	(12, 1, 'Библиотека', 'Библиотечно-информационный центр', '<p><a class="thumbnail" href="/data/rooms/kab111_1.jpg"><img src="/data/rooms/kab111_1.jpg" alt="Фото 1"></a></p>\r\n<p><a class="thumbnail" href="/data/rooms/kab111_2.jpg"><img src="/data/rooms/kab111_2.jpg" alt="Фото 2"></a></p>\r\n<p><a class="thumbnail" href="/data/rooms/kab111_3.jpg"><img src="/data/rooms/kab111_3.jpg" alt="Фото 3"></a></p>\r\n<p><a class="thumbnail" href="/data/rooms/kab111_4.jpg"><img src="/data/rooms/kab111_4.jpg" alt="Фото 4"></a></p>\r\n<p><a class="thumbnail" href="/data/rooms/kab111_5.jpg"><img src="/data/rooms/kab111_5.jpg" alt="Фото 5"></a></p>\r\n<p><a class="thumbnail" href="/data/rooms/kab111_6.jpg"><img src="/data/rooms/kab111_6.jpg" alt="Фото 6"></a></p>'),
	(12, 2, 'Библиотека', 'Library and Information Center', '<p><a class="thumbnail" href="/data/rooms/kab111_1.jpg"><img src="/data/rooms/kab111_1.jpg" alt="Фото 1"></a></p>\r\n<p><a class="thumbnail" href="/data/rooms/kab111_2.jpg"><img src="/data/rooms/kab111_2.jpg" alt="Фото 2"></a></p>\r\n<p><a class="thumbnail" href="/data/rooms/kab111_3.jpg"><img src="/data/rooms/kab111_3.jpg" alt="Фото 3"></a></p>\r\n<p><a class="thumbnail" href="/data/rooms/kab111_4.jpg"><img src="/data/rooms/kab111_4.jpg" alt="Фото 4"></a></p>\r\n<p><a class="thumbnail" href="/data/rooms/kab111_5.jpg"><img src="/data/rooms/kab111_5.jpg" alt="Фото 5"></a></p>\r\n<p><a class="thumbnail" href="/data/rooms/kab111_6.jpg"><img src="/data/rooms/kab111_6.jpg" alt="Фото 6"></a></p>'),
	(13, 1, 'Конференцзал', 'Конференцзал', '<p><a class="thumbnail" href="/data/rooms/kab111_1.jpg"><img src="/data/rooms/kab111_1.jpg" alt="Фото 1"></a></p>\r\n<p><a class="thumbnail" href="/data/rooms/kab111_2.jpg"><img src="/data/rooms/kab111_2.jpg" alt="Фото 2"></a></p>\r\n<p><a class="thumbnail" href="/data/rooms/kab111_3.jpg"><img src="/data/rooms/kab111_3.jpg" alt="Фото 3"></a></p>\r\n<p><a class="thumbnail" href="/data/rooms/kab111_4.jpg"><img src="/data/rooms/kab111_4.jpg" alt="Фото 4"></a></p>\r\n<p><a class="thumbnail" href="/data/rooms/kab111_5.jpg"><img src="/data/rooms/kab111_5.jpg" alt="Фото 5"></a></p>\r\n<p><a class="thumbnail" href="/data/rooms/kab111_6.jpg"><img src="/data/rooms/kab111_6.jpg" alt="Фото 6"></a></p>'),
	(13, 2, 'Conference hall', 'Conference hall', '<p><a class="thumbnail" href="/data/rooms/kab111_1.jpg"><img src="/data/rooms/kab111_1.jpg" alt="Фото 1"></a></p>\r\n<p><a class="thumbnail" href="/data/rooms/kab111_2.jpg"><img src="/data/rooms/kab111_2.jpg" alt="Фото 2"></a></p>\r\n<p><a class="thumbnail" href="/data/rooms/kab111_3.jpg"><img src="/data/rooms/kab111_3.jpg" alt="Фото 3"></a></p>\r\n<p><a class="thumbnail" href="/data/rooms/kab111_4.jpg"><img src="/data/rooms/kab111_4.jpg" alt="Фото 4"></a></p>\r\n<p><a class="thumbnail" href="/data/rooms/kab111_5.jpg"><img src="/data/rooms/kab111_5.jpg" alt="Фото 5"></a></p>\r\n<p><a class="thumbnail" href="/data/rooms/kab111_6.jpg"><img src="/data/rooms/kab111_6.jpg" alt="Фото 6"></a></p>'),
	(14, 1, '201 кабинет', 'Кабинет разработки, внедрения и адаптации программного обеспечения отраслевой направленности', '<p><a class="thumbnail" href="/data/rooms/kab111_1.jpg"><img src="/data/rooms/kab111_1.jpg" alt="Фото 1"></a></p>\r\n<p><a class="thumbnail" href="/data/rooms/kab111_2.jpg"><img src="/data/rooms/kab111_2.jpg" alt="Фото 2"></a></p>\r\n<p><a class="thumbnail" href="/data/rooms/kab111_3.jpg"><img src="/data/rooms/kab111_3.jpg" alt="Фото 3"></a></p>\r\n<p><a class="thumbnail" href="/data/rooms/kab111_4.jpg"><img src="/data/rooms/kab111_4.jpg" alt="Фото 4"></a></p>\r\n<p><a class="thumbnail" href="/data/rooms/kab111_5.jpg"><img src="/data/rooms/kab111_5.jpg" alt="Фото 5"></a></p>\r\n<p><a class="thumbnail" href="/data/rooms/kab111_6.jpg"><img src="/data/rooms/kab111_6.jpg" alt="Фото 6"></a></p>'),
	(14, 2, '201 room', 'Cabinet for the development, implementation and adaptation of industry-specific software', '<p><a class="thumbnail" href="/data/rooms/kab111_1.jpg"><img src="/data/rooms/kab111_1.jpg" alt="Фото 1"></a></p>\r\n<p><a class="thumbnail" href="/data/rooms/kab111_2.jpg"><img src="/data/rooms/kab111_2.jpg" alt="Фото 2"></a></p>\r\n<p><a class="thumbnail" href="/data/rooms/kab111_3.jpg"><img src="/data/rooms/kab111_3.jpg" alt="Фото 3"></a></p>\r\n<p><a class="thumbnail" href="/data/rooms/kab111_4.jpg"><img src="/data/rooms/kab111_4.jpg" alt="Фото 4"></a></p>\r\n<p><a class="thumbnail" href="/data/rooms/kab111_5.jpg"><img src="/data/rooms/kab111_5.jpg" alt="Фото 5"></a></p>\r\n<p><a class="thumbnail" href="/data/rooms/kab111_6.jpg"><img src="/data/rooms/kab111_6.jpg" alt="Фото 6"></a></p>'),
	(15, 1, '204 кабинет', 'Кабинет информатики<br>Лаборатория информатики и информационно-коммуникационных технологий', '<p><a class="thumbnail" href="/data/rooms/kab111_1.jpg"><img src="/data/rooms/kab111_1.jpg" alt="Фото 1"></a></p>\r\n<p><a class="thumbnail" href="/data/rooms/kab111_2.jpg"><img src="/data/rooms/kab111_2.jpg" alt="Фото 2"></a></p>\r\n<p><a class="thumbnail" href="/data/rooms/kab111_3.jpg"><img src="/data/rooms/kab111_3.jpg" alt="Фото 3"></a></p>\r\n<p><a class="thumbnail" href="/data/rooms/kab111_4.jpg"><img src="/data/rooms/kab111_4.jpg" alt="Фото 4"></a></p>\r\n<p><a class="thumbnail" href="/data/rooms/kab111_5.jpg"><img src="/data/rooms/kab111_5.jpg" alt="Фото 5"></a></p>\r\n<p><a class="thumbnail" href="/data/rooms/kab111_6.jpg"><img src="/data/rooms/kab111_6.jpg" alt="Фото 6"></a></p>'),
	(15, 2, '204 room', 'Cabinet of Informatics<br>Laboratory of Informatics and Information and Communication Technologies', '<p><a class="thumbnail" href="/data/rooms/kab111_1.jpg"><img src="/data/rooms/kab111_1.jpg" alt="Фото 1"></a></p>\r\n<p><a class="thumbnail" href="/data/rooms/kab111_2.jpg"><img src="/data/rooms/kab111_2.jpg" alt="Фото 2"></a></p>\r\n<p><a class="thumbnail" href="/data/rooms/kab111_3.jpg"><img src="/data/rooms/kab111_3.jpg" alt="Фото 3"></a></p>\r\n<p><a class="thumbnail" href="/data/rooms/kab111_4.jpg"><img src="/data/rooms/kab111_4.jpg" alt="Фото 4"></a></p>\r\n<p><a class="thumbnail" href="/data/rooms/kab111_5.jpg"><img src="/data/rooms/kab111_5.jpg" alt="Фото 5"></a></p>\r\n<p><a class="thumbnail" href="/data/rooms/kab111_6.jpg"><img src="/data/rooms/kab111_6.jpg" alt="Фото 6"></a></p>'),
	(16, 1, '205 кабинет', 'Кабинет иностранного языка (Англиский)', '<p><a class="thumbnail" href="/data/rooms/kab111_1.jpg"><img src="/data/rooms/kab111_1.jpg" alt="Фото 1"></a></p>\r\n<p><a class="thumbnail" href="/data/rooms/kab111_2.jpg"><img src="/data/rooms/kab111_2.jpg" alt="Фото 2"></a></p>\r\n<p><a class="thumbnail" href="/data/rooms/kab111_3.jpg"><img src="/data/rooms/kab111_3.jpg" alt="Фото 3"></a></p>\r\n<p><a class="thumbnail" href="/data/rooms/kab111_4.jpg"><img src="/data/rooms/kab111_4.jpg" alt="Фото 4"></a></p>\r\n<p><a class="thumbnail" href="/data/rooms/kab111_5.jpg"><img src="/data/rooms/kab111_5.jpg" alt="Фото 5"></a></p>\r\n<p><a class="thumbnail" href="/data/rooms/kab111_6.jpg"><img src="/data/rooms/kab111_6.jpg" alt="Фото 6"></a></p>'),
	(16, 2, '205 room', 'Office of a foreign language (English)', '<p><a class="thumbnail" href="/data/rooms/kab111_1.jpg"><img src="/data/rooms/kab111_1.jpg" alt="Фото 1"></a></p>\r\n<p><a class="thumbnail" href="/data/rooms/kab111_2.jpg"><img src="/data/rooms/kab111_2.jpg" alt="Фото 2"></a></p>\r\n<p><a class="thumbnail" href="/data/rooms/kab111_3.jpg"><img src="/data/rooms/kab111_3.jpg" alt="Фото 3"></a></p>\r\n<p><a class="thumbnail" href="/data/rooms/kab111_4.jpg"><img src="/data/rooms/kab111_4.jpg" alt="Фото 4"></a></p>\r\n<p><a class="thumbnail" href="/data/rooms/kab111_5.jpg"><img src="/data/rooms/kab111_5.jpg" alt="Фото 5"></a></p>\r\n<p><a class="thumbnail" href="/data/rooms/kab111_6.jpg"><img src="/data/rooms/kab111_6.jpg" alt="Фото 6"></a></p>'),
	(17, 1, '206 кабинет', 'Кабинет ботаники и физиологии растений; почвоведения, земледелия и агрохимии, экологических основ природопользования<br>Лаборатория экологии и безопасности жизнедеятельности', '<p><a class="thumbnail" href="/data/rooms/kab111_1.jpg"><img src="/data/rooms/kab111_1.jpg" alt="Фото 1"></a></p>\r\n<p><a class="thumbnail" href="/data/rooms/kab111_2.jpg"><img src="/data/rooms/kab111_2.jpg" alt="Фото 2"></a></p>\r\n<p><a class="thumbnail" href="/data/rooms/kab111_3.jpg"><img src="/data/rooms/kab111_3.jpg" alt="Фото 3"></a></p>\r\n<p><a class="thumbnail" href="/data/rooms/kab111_4.jpg"><img src="/data/rooms/kab111_4.jpg" alt="Фото 4"></a></p>\r\n<p><a class="thumbnail" href="/data/rooms/kab111_5.jpg"><img src="/data/rooms/kab111_5.jpg" alt="Фото 5"></a></p>\r\n<p><a class="thumbnail" href="/data/rooms/kab111_6.jpg"><img src="/data/rooms/kab111_6.jpg" alt="Фото 6"></a></p>'),
	(17, 2, '206 room', 'The botany and physiology of plants; soil science, agriculture and agrochemistry, ecological foundations of nature management<br>Laboratory of Ecology and Life Safety', '<p><a class="thumbnail" href="/data/rooms/kab111_1.jpg"><img src="/data/rooms/kab111_1.jpg" alt="Фото 1"></a></p>\r\n<p><a class="thumbnail" href="/data/rooms/kab111_2.jpg"><img src="/data/rooms/kab111_2.jpg" alt="Фото 2"></a></p>\r\n<p><a class="thumbnail" href="/data/rooms/kab111_3.jpg"><img src="/data/rooms/kab111_3.jpg" alt="Фото 3"></a></p>\r\n<p><a class="thumbnail" href="/data/rooms/kab111_4.jpg"><img src="/data/rooms/kab111_4.jpg" alt="Фото 4"></a></p>\r\n<p><a class="thumbnail" href="/data/rooms/kab111_5.jpg"><img src="/data/rooms/kab111_5.jpg" alt="Фото 5"></a></p>\r\n<p><a class="thumbnail" href="/data/rooms/kab111_6.jpg"><img src="/data/rooms/kab111_6.jpg" alt="Фото 6"></a></p>'),
	(18, 1, 'Спортзал', 'Спортивный зал', '<p><a class="thumbnail" href="/data/rooms/kab111_1.jpg"><img src="/data/rooms/kab111_1.jpg" alt="Фото 1"></a></p>\r\n<p><a class="thumbnail" href="/data/rooms/kab111_2.jpg"><img src="/data/rooms/kab111_2.jpg" alt="Фото 2"></a></p>\r\n<p><a class="thumbnail" href="/data/rooms/kab111_3.jpg"><img src="/data/rooms/kab111_3.jpg" alt="Фото 3"></a></p>\r\n<p><a class="thumbnail" href="/data/rooms/kab111_4.jpg"><img src="/data/rooms/kab111_4.jpg" alt="Фото 4"></a></p>\r\n<p><a class="thumbnail" href="/data/rooms/kab111_5.jpg"><img src="/data/rooms/kab111_5.jpg" alt="Фото 5"></a></p>\r\n<p><a class="thumbnail" href="/data/rooms/kab111_6.jpg"><img src="/data/rooms/kab111_6.jpg" alt="Фото 6"></a></p>'),
	(18, 2, 'Gym', 'Gym', '<p><a class="thumbnail" href="/data/rooms/kab111_1.jpg"><img src="/data/rooms/kab111_1.jpg" alt="Фото 1"></a></p>\r\n<p><a class="thumbnail" href="/data/rooms/kab111_2.jpg"><img src="/data/rooms/kab111_2.jpg" alt="Фото 2"></a></p>\r\n<p><a class="thumbnail" href="/data/rooms/kab111_3.jpg"><img src="/data/rooms/kab111_3.jpg" alt="Фото 3"></a></p>\r\n<p><a class="thumbnail" href="/data/rooms/kab111_4.jpg"><img src="/data/rooms/kab111_4.jpg" alt="Фото 4"></a></p>\r\n<p><a class="thumbnail" href="/data/rooms/kab111_5.jpg"><img src="/data/rooms/kab111_5.jpg" alt="Фото 5"></a></p>\r\n<p><a class="thumbnail" href="/data/rooms/kab111_6.jpg"><img src="/data/rooms/kab111_6.jpg" alt="Фото 6"></a></p>'),
	(19, 1, '301 кабинет', 'Кабинет инженерной графики', '<p><a class="thumbnail" href="/data/rooms/kab111_1.jpg"><img src="/data/rooms/kab111_1.jpg" alt="Фото 1"></a></p>\r\n<p><a class="thumbnail" href="/data/rooms/kab111_2.jpg"><img src="/data/rooms/kab111_2.jpg" alt="Фото 2"></a></p>\r\n<p><a class="thumbnail" href="/data/rooms/kab111_3.jpg"><img src="/data/rooms/kab111_3.jpg" alt="Фото 3"></a></p>\r\n<p><a class="thumbnail" href="/data/rooms/kab111_4.jpg"><img src="/data/rooms/kab111_4.jpg" alt="Фото 4"></a></p>\r\n<p><a class="thumbnail" href="/data/rooms/kab111_5.jpg"><img src="/data/rooms/kab111_5.jpg" alt="Фото 5"></a></p>\r\n<p><a class="thumbnail" href="/data/rooms/kab111_6.jpg"><img src="/data/rooms/kab111_6.jpg" alt="Фото 6"></a></p>'),
	(19, 2, '301 room', 'Cabinet of engineering graphics', '<p><a class="thumbnail" href="/data/rooms/kab111_1.jpg"><img src="/data/rooms/kab111_1.jpg" alt="Фото 1"></a></p>\r\n<p><a class="thumbnail" href="/data/rooms/kab111_2.jpg"><img src="/data/rooms/kab111_2.jpg" alt="Фото 2"></a></p>\r\n<p><a class="thumbnail" href="/data/rooms/kab111_3.jpg"><img src="/data/rooms/kab111_3.jpg" alt="Фото 3"></a></p>\r\n<p><a class="thumbnail" href="/data/rooms/kab111_4.jpg"><img src="/data/rooms/kab111_4.jpg" alt="Фото 4"></a></p>\r\n<p><a class="thumbnail" href="/data/rooms/kab111_5.jpg"><img src="/data/rooms/kab111_5.jpg" alt="Фото 5"></a></p>\r\n<p><a class="thumbnail" href="/data/rooms/kab111_6.jpg"><img src="/data/rooms/kab111_6.jpg" alt="Фото 6"></a></p>'),
	(20, 1, '302 кабинет', 'Кабинет основ философии, истории, организационно-правового обеспечения информационной безопасности. Теории государства и права', '<p><a class="thumbnail" href="/data/rooms/kab111_1.jpg"><img src="/data/rooms/kab111_1.jpg" alt="Фото 1"></a></p>\r\n<p><a class="thumbnail" href="/data/rooms/kab111_2.jpg"><img src="/data/rooms/kab111_2.jpg" alt="Фото 2"></a></p>\r\n<p><a class="thumbnail" href="/data/rooms/kab111_3.jpg"><img src="/data/rooms/kab111_3.jpg" alt="Фото 3"></a></p>\r\n<p><a class="thumbnail" href="/data/rooms/kab111_4.jpg"><img src="/data/rooms/kab111_4.jpg" alt="Фото 4"></a></p>\r\n<p><a class="thumbnail" href="/data/rooms/kab111_5.jpg"><img src="/data/rooms/kab111_5.jpg" alt="Фото 5"></a></p>\r\n<p><a class="thumbnail" href="/data/rooms/kab111_6.jpg"><img src="/data/rooms/kab111_6.jpg" alt="Фото 6"></a></p>'),
	(20, 2, '302 room', 'The Cabinet of the foundations of philosophy, history, organizational and legal support of information security. Theories of state and law', '<p><a class="thumbnail" href="/data/rooms/kab111_1.jpg"><img src="/data/rooms/kab111_1.jpg" alt="Фото 1"></a></p>\r\n<p><a class="thumbnail" href="/data/rooms/kab111_2.jpg"><img src="/data/rooms/kab111_2.jpg" alt="Фото 2"></a></p>\r\n<p><a class="thumbnail" href="/data/rooms/kab111_3.jpg"><img src="/data/rooms/kab111_3.jpg" alt="Фото 3"></a></p>\r\n<p><a class="thumbnail" href="/data/rooms/kab111_4.jpg"><img src="/data/rooms/kab111_4.jpg" alt="Фото 4"></a></p>\r\n<p><a class="thumbnail" href="/data/rooms/kab111_5.jpg"><img src="/data/rooms/kab111_5.jpg" alt="Фото 5"></a></p>\r\n<p><a class="thumbnail" href="/data/rooms/kab111_6.jpg"><img src="/data/rooms/kab111_6.jpg" alt="Фото 6"></a></p>'),
	(21, 1, '303 кабинет', 'Кабинет документационного обеспечения управления, экономики организации, статистики, бугалтерского учёта, налогообложения и аудита, менеджмента, маркетинга, финансов, денежного обращения и кредита', '<p><a class="thumbnail" href="/data/rooms/kab111_1.jpg"><img src="/data/rooms/kab111_1.jpg" alt="Фото 1"></a></p>\r\n<p><a class="thumbnail" href="/data/rooms/kab111_2.jpg"><img src="/data/rooms/kab111_2.jpg" alt="Фото 2"></a></p>\r\n<p><a class="thumbnail" href="/data/rooms/kab111_3.jpg"><img src="/data/rooms/kab111_3.jpg" alt="Фото 3"></a></p>\r\n<p><a class="thumbnail" href="/data/rooms/kab111_4.jpg"><img src="/data/rooms/kab111_4.jpg" alt="Фото 4"></a></p>\r\n<p><a class="thumbnail" href="/data/rooms/kab111_5.jpg"><img src="/data/rooms/kab111_5.jpg" alt="Фото 5"></a></p>\r\n<p><a class="thumbnail" href="/data/rooms/kab111_6.jpg"><img src="/data/rooms/kab111_6.jpg" alt="Фото 6"></a></p>'),
	(21, 2, '303 room', 'Cabinet of documentation support for management, organization economics, statistics, accounting, taxation and audit, management, marketing, finance, monetary circulation and credit', '<p><a class="thumbnail" href="/data/rooms/kab111_1.jpg"><img src="/data/rooms/kab111_1.jpg" alt="Фото 1"></a></p>\r\n<p><a class="thumbnail" href="/data/rooms/kab111_2.jpg"><img src="/data/rooms/kab111_2.jpg" alt="Фото 2"></a></p>\r\n<p><a class="thumbnail" href="/data/rooms/kab111_3.jpg"><img src="/data/rooms/kab111_3.jpg" alt="Фото 3"></a></p>\r\n<p><a class="thumbnail" href="/data/rooms/kab111_4.jpg"><img src="/data/rooms/kab111_4.jpg" alt="Фото 4"></a></p>\r\n<p><a class="thumbnail" href="/data/rooms/kab111_5.jpg"><img src="/data/rooms/kab111_5.jpg" alt="Фото 5"></a></p>\r\n<p><a class="thumbnail" href="/data/rooms/kab111_6.jpg"><img src="/data/rooms/kab111_6.jpg" alt="Фото 6"></a></p>'),
	(22, 1, '304 кабинет', 'Кабинет иностранного языка (Немецкий)', '<p><a class="thumbnail" href="/data/rooms/kab111_1.jpg"><img src="/data/rooms/kab111_1.jpg" alt="Фото 1"></a></p>\r\n<p><a class="thumbnail" href="/data/rooms/kab111_2.jpg"><img src="/data/rooms/kab111_2.jpg" alt="Фото 2"></a></p>\r\n<p><a class="thumbnail" href="/data/rooms/kab111_3.jpg"><img src="/data/rooms/kab111_3.jpg" alt="Фото 3"></a></p>\r\n<p><a class="thumbnail" href="/data/rooms/kab111_4.jpg"><img src="/data/rooms/kab111_4.jpg" alt="Фото 4"></a></p>\r\n<p><a class="thumbnail" href="/data/rooms/kab111_5.jpg"><img src="/data/rooms/kab111_5.jpg" alt="Фото 5"></a></p>\r\n<p><a class="thumbnail" href="/data/rooms/kab111_6.jpg"><img src="/data/rooms/kab111_6.jpg" alt="Фото 6"></a></p>'),
	(22, 2, '304 room', 'Office of a foreign language (German)', '<p><a class="thumbnail" href="/data/rooms/kab111_1.jpg"><img src="/data/rooms/kab111_1.jpg" alt="Фото 1"></a></p>\r\n<p><a class="thumbnail" href="/data/rooms/kab111_2.jpg"><img src="/data/rooms/kab111_2.jpg" alt="Фото 2"></a></p>\r\n<p><a class="thumbnail" href="/data/rooms/kab111_3.jpg"><img src="/data/rooms/kab111_3.jpg" alt="Фото 3"></a></p>\r\n<p><a class="thumbnail" href="/data/rooms/kab111_4.jpg"><img src="/data/rooms/kab111_4.jpg" alt="Фото 4"></a></p>\r\n<p><a class="thumbnail" href="/data/rooms/kab111_5.jpg"><img src="/data/rooms/kab111_5.jpg" alt="Фото 5"></a></p>\r\n<p><a class="thumbnail" href="/data/rooms/kab111_6.jpg"><img src="/data/rooms/kab111_6.jpg" alt="Фото 6"></a></p>'),
	(23, 1, '305 кабинет', 'Кабинет междисциплинарных курсов', '<p><a class="thumbnail" href="/data/rooms/kab111_1.jpg"><img src="/data/rooms/kab111_1.jpg" alt="Фото 1"></a></p>\r\n<p><a class="thumbnail" href="/data/rooms/kab111_2.jpg"><img src="/data/rooms/kab111_2.jpg" alt="Фото 2"></a></p>\r\n<p><a class="thumbnail" href="/data/rooms/kab111_3.jpg"><img src="/data/rooms/kab111_3.jpg" alt="Фото 3"></a></p>\r\n<p><a class="thumbnail" href="/data/rooms/kab111_4.jpg"><img src="/data/rooms/kab111_4.jpg" alt="Фото 4"></a></p>\r\n<p><a class="thumbnail" href="/data/rooms/kab111_5.jpg"><img src="/data/rooms/kab111_5.jpg" alt="Фото 5"></a></p>\r\n<p><a class="thumbnail" href="/data/rooms/kab111_6.jpg"><img src="/data/rooms/kab111_6.jpg" alt="Фото 6"></a></p>'),
	(23, 2, '305 room', 'Study of interdisciplinary courses', '<p><a class="thumbnail" href="/data/rooms/kab111_1.jpg"><img src="/data/rooms/kab111_1.jpg" alt="Фото 1"></a></p>\r\n<p><a class="thumbnail" href="/data/rooms/kab111_2.jpg"><img src="/data/rooms/kab111_2.jpg" alt="Фото 2"></a></p>\r\n<p><a class="thumbnail" href="/data/rooms/kab111_3.jpg"><img src="/data/rooms/kab111_3.jpg" alt="Фото 3"></a></p>\r\n<p><a class="thumbnail" href="/data/rooms/kab111_4.jpg"><img src="/data/rooms/kab111_4.jpg" alt="Фото 4"></a></p>\r\n<p><a class="thumbnail" href="/data/rooms/kab111_5.jpg"><img src="/data/rooms/kab111_5.jpg" alt="Фото 5"></a></p>\r\n<p><a class="thumbnail" href="/data/rooms/kab111_6.jpg"><img src="/data/rooms/kab111_6.jpg" alt="Фото 6"></a></p>'),
	(24, 1, '306 кабинет', 'Кабинет основ геологии и геоморфологии, типологии зданий и строительных конструкций', '<p><a class="thumbnail" href="/data/rooms/kab111_1.jpg"><img src="/data/rooms/kab111_1.jpg" alt="Фото 1"></a></p>\r\n<p><a class="thumbnail" href="/data/rooms/kab111_2.jpg"><img src="/data/rooms/kab111_2.jpg" alt="Фото 2"></a></p>\r\n<p><a class="thumbnail" href="/data/rooms/kab111_3.jpg"><img src="/data/rooms/kab111_3.jpg" alt="Фото 3"></a></p>\r\n<p><a class="thumbnail" href="/data/rooms/kab111_4.jpg"><img src="/data/rooms/kab111_4.jpg" alt="Фото 4"></a></p>\r\n<p><a class="thumbnail" href="/data/rooms/kab111_5.jpg"><img src="/data/rooms/kab111_5.jpg" alt="Фото 5"></a></p>\r\n<p><a class="thumbnail" href="/data/rooms/kab111_6.jpg"><img src="/data/rooms/kab111_6.jpg" alt="Фото 6"></a></p>'),
	(24, 2, '306 room', 'The base of the fundamentals of geology and geomorphology, typology of buildings and building structures', '<p><a class="thumbnail" href="/data/rooms/kab111_1.jpg"><img src="/data/rooms/kab111_1.jpg" alt="Фото 1"></a></p>\r\n<p><a class="thumbnail" href="/data/rooms/kab111_2.jpg"><img src="/data/rooms/kab111_2.jpg" alt="Фото 2"></a></p>\r\n<p><a class="thumbnail" href="/data/rooms/kab111_3.jpg"><img src="/data/rooms/kab111_3.jpg" alt="Фото 3"></a></p>\r\n<p><a class="thumbnail" href="/data/rooms/kab111_4.jpg"><img src="/data/rooms/kab111_4.jpg" alt="Фото 4"></a></p>\r\n<p><a class="thumbnail" href="/data/rooms/kab111_5.jpg"><img src="/data/rooms/kab111_5.jpg" alt="Фото 5"></a></p>\r\n<p><a class="thumbnail" href="/data/rooms/kab111_6.jpg"><img src="/data/rooms/kab111_6.jpg" alt="Фото 6"></a></p>'),
	(25, 1, '307 кабинет', 'Кабинет педагогики и психологии, методики профессионального обучения (по отраслям)', '<p><a class="thumbnail" href="/data/rooms/kab111_1.jpg"><img src="/data/rooms/kab111_1.jpg" alt="Фото 1"></a></p>\r\n<p><a class="thumbnail" href="/data/rooms/kab111_2.jpg"><img src="/data/rooms/kab111_2.jpg" alt="Фото 2"></a></p>\r\n<p><a class="thumbnail" href="/data/rooms/kab111_3.jpg"><img src="/data/rooms/kab111_3.jpg" alt="Фото 3"></a></p>\r\n<p><a class="thumbnail" href="/data/rooms/kab111_4.jpg"><img src="/data/rooms/kab111_4.jpg" alt="Фото 4"></a></p>\r\n<p><a class="thumbnail" href="/data/rooms/kab111_5.jpg"><img src="/data/rooms/kab111_5.jpg" alt="Фото 5"></a></p>\r\n<p><a class="thumbnail" href="/data/rooms/kab111_6.jpg"><img src="/data/rooms/kab111_6.jpg" alt="Фото 6"></a></p>'),
	(25, 2, '307 room', 'The Cabinet of Pedagogy and Psychology, the methodology of professional training (by industry)', '<p><a class="thumbnail" href="/data/rooms/kab111_1.jpg"><img src="/data/rooms/kab111_1.jpg" alt="Фото 1"></a></p>\r\n<p><a class="thumbnail" href="/data/rooms/kab111_2.jpg"><img src="/data/rooms/kab111_2.jpg" alt="Фото 2"></a></p>\r\n<p><a class="thumbnail" href="/data/rooms/kab111_3.jpg"><img src="/data/rooms/kab111_3.jpg" alt="Фото 3"></a></p>\r\n<p><a class="thumbnail" href="/data/rooms/kab111_4.jpg"><img src="/data/rooms/kab111_4.jpg" alt="Фото 4"></a></p>\r\n<p><a class="thumbnail" href="/data/rooms/kab111_5.jpg"><img src="/data/rooms/kab111_5.jpg" alt="Фото 5"></a></p>\r\n<p><a class="thumbnail" href="/data/rooms/kab111_6.jpg"><img src="/data/rooms/kab111_6.jpg" alt="Фото 6"></a></p>'),
	(26, 1, '308 кабинет', 'Кабинет математики, математической обработки результатов геодезических измерений', '<p><a class="thumbnail" href="/data/rooms/kab111_1.jpg"><img src="/data/rooms/kab111_1.jpg" alt="Фото 1"></a></p>\r\n<p><a class="thumbnail" href="/data/rooms/kab111_2.jpg"><img src="/data/rooms/kab111_2.jpg" alt="Фото 2"></a></p>\r\n<p><a class="thumbnail" href="/data/rooms/kab111_3.jpg"><img src="/data/rooms/kab111_3.jpg" alt="Фото 3"></a></p>\r\n<p><a class="thumbnail" href="/data/rooms/kab111_4.jpg"><img src="/data/rooms/kab111_4.jpg" alt="Фото 4"></a></p>\r\n<p><a class="thumbnail" href="/data/rooms/kab111_5.jpg"><img src="/data/rooms/kab111_5.jpg" alt="Фото 5"></a></p>\r\n<p><a class="thumbnail" href="/data/rooms/kab111_6.jpg"><img src="/data/rooms/kab111_6.jpg" alt="Фото 6"></a></p>'),
	(26, 2, '308 room', 'The cabinet of mathematics, mathematical processing of the results of geodetic measurements', '<p><a class="thumbnail" href="/data/rooms/kab111_1.jpg"><img src="/data/rooms/kab111_1.jpg" alt="Фото 1"></a></p>\r\n<p><a class="thumbnail" href="/data/rooms/kab111_2.jpg"><img src="/data/rooms/kab111_2.jpg" alt="Фото 2"></a></p>\r\n<p><a class="thumbnail" href="/data/rooms/kab111_3.jpg"><img src="/data/rooms/kab111_3.jpg" alt="Фото 3"></a></p>\r\n<p><a class="thumbnail" href="/data/rooms/kab111_4.jpg"><img src="/data/rooms/kab111_4.jpg" alt="Фото 4"></a></p>\r\n<p><a class="thumbnail" href="/data/rooms/kab111_5.jpg"><img src="/data/rooms/kab111_5.jpg" alt="Фото 5"></a></p>\r\n<p><a class="thumbnail" href="/data/rooms/kab111_6.jpg"><img src="/data/rooms/kab111_6.jpg" alt="Фото 6"></a></p>');
/*!40000 ALTER TABLE `rooms_description` ENABLE KEYS */;

-- Дамп структуры для таблица yii_nppk_advanced.rooms_image
CREATE TABLE IF NOT EXISTS `rooms_image` (
  `room_id` int(11) NOT NULL,
  `image_id` int(11) NOT NULL,
  KEY `FK_rooms_image_rooms` (`room_id`),
  KEY `FK_rooms_image_images` (`image_id`),
  CONSTRAINT `FK_rooms_image_images` FOREIGN KEY (`image_id`) REFERENCES `images` (`id`) ON DELETE CASCADE ON UPDATE CASCADE,
  CONSTRAINT `FK_rooms_image_rooms` FOREIGN KEY (`room_id`) REFERENCES `rooms` (`id`) ON DELETE CASCADE ON UPDATE CASCADE
) ENGINE=InnoDB DEFAULT CHARSET=utf8;

-- Дамп данных таблицы yii_nppk_advanced.rooms_image: ~92 rows (приблизительно)
/*!40000 ALTER TABLE `rooms_image` DISABLE KEYS */;
INSERT INTO `rooms_image` (`room_id`, `image_id`) VALUES
	(1, 9),
	(1, 10),
	(1, 11),
	(1, 12),
	(1, 58),
	(2, 13),
	(2, 14),
	(2, 15),
	(2, 16),
	(3, 1),
	(3, 2),
	(3, 3),
	(4, 17),
	(4, 18),
	(4, 19),
	(4, 20),
	(4, 21),
	(4, 22),
	(5, 43),
	(5, 44),
	(5, 45),
	(5, 46),
	(5, 47),
	(5, 48),
	(6, 38),
	(6, 39),
	(6, 40),
	(6, 41),
	(6, 42),
	(7, 32),
	(7, 33),
	(7, 34),
	(7, 35),
	(7, 36),
	(7, 37),
	(8, 65),
	(8, 66),
	(8, 67),
	(8, 68),
	(8, 69),
	(8, 70),
	(8, 71),
	(9, 91),
	(9, 92),
	(9, 93),
	(9, 94),
	(10, 72),
	(10, 73),
	(10, 74),
	(10, 75),
	(11, 60),
	(11, 61),
	(11, 63),
	(11, 64),
	(13, 53),
	(13, 54),
	(13, 55),
	(13, 56),
	(13, 57),
	(14, 23),
	(14, 24),
	(14, 25),
	(14, 26),
	(14, 27),
	(14, 28),
	(15, 76),
	(15, 77),
	(15, 78),
	(15, 79),
	(15, 80),
	(15, 81),
	(16, 29),
	(16, 30),
	(16, 31),
	(18, 4),
	(18, 5),
	(18, 6),
	(18, 7),
	(18, 8),
	(23, 82),
	(23, 83),
	(23, 84),
	(23, 85),
	(25, 86),
	(25, 87),
	(25, 88),
	(25, 89),
	(25, 90),
	(26, 49),
	(26, 50),
	(26, 51),
	(26, 52);
/*!40000 ALTER TABLE `rooms_image` ENABLE KEYS */;

-- Дамп структуры для таблица yii_nppk_advanced.settings
CREATE TABLE IF NOT EXISTS `settings` (
  `id` int(11) NOT NULL AUTO_INCREMENT,
  `language_id` int(11) DEFAULT NULL,
  `multilanguage` tinyint(1) NOT NULL DEFAULT '0',
  PRIMARY KEY (`id`),
  KEY `FK_settings_languages` (`language_id`),
  CONSTRAINT `FK_settings_languages` FOREIGN KEY (`language_id`) REFERENCES `languages` (`id`) ON DELETE SET NULL ON UPDATE CASCADE
) ENGINE=InnoDB AUTO_INCREMENT=2 DEFAULT CHARSET=utf8;

-- Дамп данных таблицы yii_nppk_advanced.settings: ~0 rows (приблизительно)
/*!40000 ALTER TABLE `settings` DISABLE KEYS */;
INSERT INTO `settings` (`id`, `language_id`, `multilanguage`) VALUES
	(1, 1, 1);
/*!40000 ALTER TABLE `settings` ENABLE KEYS */;

-- Дамп структуры для таблица yii_nppk_advanced.teachers
CREATE TABLE IF NOT EXISTS `teachers` (
  `id` int(11) NOT NULL AUTO_INCREMENT,
  `room_id` int(11) NOT NULL,
  `published` tinyint(1) NOT NULL DEFAULT '1',
  `sort_order` int(3) NOT NULL DEFAULT '0',
  `teacher_group_id` int(11) DEFAULT NULL,
  `image_id` int(11) DEFAULT NULL,
  `created_by` int(11) DEFAULT NULL,
  `updated_by` int(11) DEFAULT NULL,
  `created_at` int(11) NOT NULL,
  `updated_at` int(11) NOT NULL,
  PRIMARY KEY (`id`),
  KEY `FK_teachers_images` (`image_id`),
  KEY `FK_teachers_users_created` (`created_by`),
  KEY `FK_teachers_users_updated` (`updated_by`),
  KEY `FK_teachers_teachers_group` (`teacher_group_id`),
  CONSTRAINT `FK_teachers_images` FOREIGN KEY (`image_id`) REFERENCES `images` (`id`) ON DELETE SET NULL ON UPDATE CASCADE,
  CONSTRAINT `FK_teachers_teachers_group` FOREIGN KEY (`teacher_group_id`) REFERENCES `teachers_group` (`id`) ON DELETE SET NULL ON UPDATE CASCADE,
  CONSTRAINT `FK_teachers_users_created` FOREIGN KEY (`created_by`) REFERENCES `users` (`id`) ON DELETE SET NULL ON UPDATE CASCADE,
  CONSTRAINT `FK_teachers_users_updated` FOREIGN KEY (`updated_by`) REFERENCES `users` (`id`) ON DELETE SET NULL ON UPDATE CASCADE
) ENGINE=InnoDB AUTO_INCREMENT=55 DEFAULT CHARSET=utf8 COMMENT='Список преподавателей';

-- Дамп данных таблицы yii_nppk_advanced.teachers: ~52 rows (приблизительно)
/*!40000 ALTER TABLE `teachers` DISABLE KEYS */;
INSERT INTO `teachers` (`id`, `room_id`, `published`, `sort_order`, `teacher_group_id`, `image_id`, `created_by`, `updated_by`, `created_at`, `updated_at`) VALUES
	(1, 9, 1, 1, 2, 95, 1, NULL, 0, 0),
	(2, 0, 1, 2, 2, 96, 1, NULL, 0, 0),
	(3, 16, 1, 3, 2, 97, 1, NULL, 0, 0),
	(4, 15, 1, 4, 2, 98, 1, NULL, 0, 0),
	(5, 26, 1, 5, 2, 99, 1, NULL, 0, 0),
	(6, 12, 1, 6, 2, 100, 1, NULL, 0, 0),
	(7, 22, 1, 7, 2, 101, 1, NULL, 0, 0),
	(8, 0, 1, 8, 2, 102, 1, NULL, 0, 0),
	(9, 8, 0, 9, 2, 103, 1, NULL, 0, 0),
	(10, 0, 1, 10, 2, 104, 1, NULL, 0, 0),
	(11, 2, 1, 11, 2, 105, 1, NULL, 0, 0),
	(12, 14, 1, 12, 2, 106, 1, NULL, 0, 0),
	(13, 5, 1, 13, 2, 107, 1, NULL, 0, 0),
	(14, 0, 1, 14, 2, 108, 1, NULL, 0, 0),
	(15, 17, 1, 15, 2, 109, 1, NULL, 0, 0),
	(16, 0, 0, 16, 2, 110, 1, NULL, 0, 0),
	(17, 20, 1, 17, 2, 111, 1, NULL, 0, 0),
	(18, 0, 1, 18, 2, 112, 1, NULL, 0, 0),
	(19, 0, 1, 19, 2, 113, 1, NULL, 0, 0),
	(20, 0, 0, 20, 2, 114, 1, NULL, 0, 0),
	(21, 0, 0, 21, 2, 115, 1, NULL, 0, 0),
	(22, 1, 1, 22, 2, 116, 1, NULL, 0, 0),
	(23, 11, 1, 23, 2, 117, 1, NULL, 0, 0),
	(24, 19, 1, 24, 2, 118, 1, NULL, 0, 0),
	(25, 21, 1, 25, 2, 119, 1, NULL, 0, 0),
	(26, 18, 1, 26, 2, 120, 1, NULL, 0, 0),
	(27, 0, 1, 27, 2, 121, 1, NULL, 0, 0),
	(28, 24, 1, 28, 2, 122, 1, NULL, 0, 0),
	(29, 10, 1, 29, 2, 123, 1, NULL, 0, 0),
	(30, 0, 0, 30, 2, 124, 1, NULL, 0, 0),
	(31, 0, 1, 31, 2, 125, 1, NULL, 0, 0),
	(32, 7, 1, 32, 2, 126, 1, NULL, 0, 0),
	(33, 0, 1, 33, 2, 127, 1, NULL, 0, 0),
	(34, 0, 0, 0, 2, 128, 1, NULL, 0, 0),
	(36, 7, 0, 0, 2, 130, 1, NULL, 0, 0),
	(37, 11, 1, 0, 2, 131, 1, NULL, 0, 0),
	(38, 25, 1, 0, 2, 132, 1, NULL, 0, 0),
	(39, 23, 1, 0, 2, 133, 1, NULL, 0, 0),
	(40, 8, 1, 0, 2, 134, 1, NULL, 0, 0),
	(41, 6, 1, 0, 2, 135, 1, NULL, 0, 0),
	(42, 0, 1, 0, 2, 136, 1, NULL, 0, 0),
	(43, 4, 0, 0, 2, 137, 1, NULL, 0, 0),
	(44, 0, 1, 0, 2, 138, 1, NULL, 0, 0),
	(45, 10, 0, 0, 2, 139, 1, NULL, 0, 0),
	(46, 0, 1, 0, 2, 140, 1, NULL, 0, 0),
	(47, 0, 1, 0, 2, 141, 1, NULL, 0, 0),
	(48, 0, 1, 1, 1, 142, 1, NULL, 0, 0),
	(49, 0, 0, 5, 1, 143, 1, NULL, 0, 0),
	(50, 0, 1, 4, 1, 144, 1, NULL, 0, 0),
	(52, 18, 1, 0, 2, 129, 1, NULL, 0, 0),
	(53, 0, 1, 2, 1, 151, 1, NULL, 0, 0),
	(54, 0, 1, 3, 1, 152, 1, NULL, 0, 0);
/*!40000 ALTER TABLE `teachers` ENABLE KEYS */;

-- Дамп структуры для таблица yii_nppk_advanced.teachers_description
CREATE TABLE IF NOT EXISTS `teachers_description` (
  `teacher_id` int(11) NOT NULL,
  `language_id` int(11) NOT NULL,
  `name` varchar(255) DEFAULT NULL,
  `description` text,
  KEY `FK_teachers_description_teachers` (`teacher_id`),
  KEY `FK_teachers_description_languages` (`language_id`),
  CONSTRAINT `FK_teachers_description_languages` FOREIGN KEY (`language_id`) REFERENCES `languages` (`id`) ON DELETE CASCADE ON UPDATE CASCADE,
  CONSTRAINT `FK_teachers_description_teachers` FOREIGN KEY (`teacher_id`) REFERENCES `teachers` (`id`) ON DELETE CASCADE ON UPDATE CASCADE
) ENGINE=InnoDB DEFAULT CHARSET=utf8;

-- Дамп данных таблицы yii_nppk_advanced.teachers_description: ~104 rows (приблизительно)
/*!40000 ALTER TABLE `teachers_description` DISABLE KEYS */;
INSERT INTO `teachers_description` (`teacher_id`, `language_id`, `name`, `description`) VALUES
	(1, 1, 'Ануфриева Ольга Юриевна', '&lt;p&gt;Должность: Преподаватель&lt;/p&gt;\r\n&lt;p&gt;Уровень образования: высшее&lt;/p&gt;\r\n&lt;p&gt;Высшая квалификационная категория&lt;/p&gt;'),
	(1, 2, 'Anufrieva Olga Yurievna', '&lt;p&gt;Должность: Преподаватель&lt;/p&gt;\r\n&lt;p&gt;Уровень образования: высшее&lt;/p&gt;\r\n&lt;p&gt;Высшая квалификационная категория&lt;/p&gt;'),
	(2, 1, 'Артемова Наталья Александровна', '<p>Должность: Воспитатель</p>\r\n<p>Уровень образования: высшее</p>\r\n<p>Первая квалификационная категория</p>'),
	(2, 2, 'Artemova Natalia Alexandrovna', '<p>Должность: Воспитатель</p>\r\n<p>Уровень образования: высшее</p>\r\n<p>Первая квалификационная категория</p>'),
	(3, 1, 'Виниченко Елена Петровна', '<p>Должность: Преподаватель</p>\r\n<p>Уровень образования: высшее</p>\r\n<p>Высшая квалификационная категория</p>'),
	(3, 2, 'Vinichenko Elena Petrovna', '<p>Должность: Преподаватель</p>\r\n<p>Уровень образования: высшее</p>\r\n<p>Высшая квалификационная категория</p>'),
	(4, 1, 'Волкова Надежда Ивановна', '<p>Должность: Преподаватель</p>\r\n<p>Уровень образования: высшее</p>\r\n<p>Высшая квалификационная категория</p>'),
	(4, 2, 'Volkova Nadezhda Ivanovna', '<p>Должность: Преподаватель</p>\r\n<p>Уровень образования: высшее</p>\r\n<p>Высшая квалификационная категория</p>'),
	(5, 1, 'Глебова Любовь Сергеевна', '<p>Должность: Преподаватель</p>\r\n<p>Уровень образования: Высшее</p>\r\n<p>Высшая квалификационная категория</p>'),
	(5, 2, 'Glebova Lyubov Sergeevna', '<p>Должность: Преподаватель</p>\r\n<p>Уровень образования: Высшее</p>\r\n<p>Высшая квалификационная категория</p>'),
	(6, 1, 'Ганихина Марина Анатольевна', '<p>Должность: Педагог-библиотекарь</p>\r\n<p>Уровень образования: высшее</p>\r\n<p>Первая квалификационная категория</p> '),
	(6, 2, 'Ganykhina Marina Anatolyevna', '<p>Должность: Педагог-библиотекарь</p>\r\n<p>Уровень образования: высшее</p>\r\n<p>Первая квалификационная категория</p>'),
	(7, 1, 'Балдина Ирина Петровна', '<p>Должность: Преподаватель</p>\r\n<p>Уровень образования: высшее</p>\r\n<p>Высшая квалификационная категория</p>'),
	(7, 2, 'Baldina Irina Petrovna', '<p>Должность: Преподаватель</p>\r\n<p>Уровень образования: высшее</p>\r\n<p>Высшая квалификационная категория</p>'),
	(8, 1, 'Бордун Елена Александровна', '<p>Должность: Мастер производственного обучения</p>\r\n<p>Уровень образования: среднее</p>\r\n<p>Без квалифекационной категории</p>'),
	(8, 2, 'Bordun Elena Aleksandrovna', '<p>Должность: Мастер производственного обучения</p>\r\n<p>Уровень образования: среднее</p>\r\n<p>Без квалифекационной категории</p>'),
	(9, 1, 'Горбатых Евгения Александровна', '<p>Должность: Преподаватель</p>\r\n<p>Уровень образования: высшее</p>\r\n<p>Высшая квалификационная категория</p>'),
	(9, 2, 'Gorbatykh Evgenia Alexandrovna', '<p>Должность: Преподаватель</p>\r\n<p>Уровень образования: высшее</p>\r\n<p>Высшая квалификационная категория</p>'),
	(10, 1, 'Дмитриенко Константин Евгеньевич', '<p>Должность: Преподаватель</p>\r\n<p>Уровень образования: высшее</p>\r\n<p>Высшая квалификационная категория</p>'),
	(10, 2, 'Dmitrienko Konstantin Evgenievich', '<p>Должность: Преподаватель</p>\r\n<p>Уровень образования: высшее</p>\r\n<p>Высшая квалификационная категория</p>'),
	(11, 1, 'Шальнов Захар Сергеевич', '<p>Должность: Мастер производственного обучения</p>\r\n<p>Уровень образования: высшее</p>\r\n<p>Без квалификационной категории</p>\r\n'),
	(11, 2, 'Shalnov Zakhar Sergeevich', '<p>Должность: Мастер производственного обучения</p>\r\n<p>Уровень образования: высшее</p>\r\n<p>Без квалификационной категории</p>\r\n'),
	(12, 1, 'Евтющенко Юлия Александровна', '<p>Должность: Преподаватель</p>\r\n<p>Уровень образования: Высшее</p>\r\n<p>Первая квалификационная категория</p>'),
	(12, 2, 'Evtyushchenko Julia Alexandrovna', '<p>Должность: Преподаватель</p>\r\n<p>Уровень образования: Высшее</p>\r\n<p>Первая квалификационная категория</p>'),
	(13, 1, 'Ермакова Наталья Владимировна', '<p>Должность: Преподаватель</p>\r\n<p>Уровень образования: высшее</p>\r\n<p>Высшая квалификационная</p>'),
	(13, 2, 'Ermakova Natalia Vladimirovna', '<p>Должность: Преподаватель</p>\r\n<p>Уровень образования: высшее</p>\r\n<p>Высшая квалификационная</p>'),
	(14, 1, 'Сугоняк Наталья Павловна', '<p>Должность: Социальный Педагог</p>\r\n<p>Уровень образования: высшее</p>\r\n<p>Первая квалификационная категория</p>'),
	(14, 2, 'Sugonyak Natalia Pavlovna', '<p>Должность: Социальный Педагог</p>\r\n<p>Уровень образования: высшее</p>\r\n<p>Первая квалификационная категория</p>'),
	(15, 1, 'Лапицкая Татьяна Владимировна', '<p>Должность: Преподаватель</p>\r\n<p>Уровень образования: высшее</p>\r\n<p>Высшая квалификационная категория</p>'),
	(15, 2, 'Lapitskaya Tatiana Vladimirovna', '<p>Должность: Преподаватель</p>\r\n<p>Уровень образования: высшее</p>\r\n<p>Высшая квалификационная категория</p>'),
	(16, 1, 'Чекушкина Ольга Олеговна', '&lt;p&gt;Должность: Преподаватель&lt;/p&gt;\r\n&lt;p&gt;Уровень образования: высшее&lt;/p&gt;\r\n&lt;p&gt;Первая квалификационная категория&lt;/p&gt;'),
	(16, 2, 'Chekushkina Olga Olegovna', '&lt;p&gt;Должность: Преподаватель&lt;/p&gt;\r\n&lt;p&gt;Уровень образования: высшее&lt;/p&gt;\r\n&lt;p&gt;Первая квалификационная категория&lt;/p&gt;'),
	(17, 1, 'Жигло Инна Владимировна', '<p>Должность: Преподаватель</p>\r\n<p>Уровень образования: высшее</p>\r\n<p>Первая квалификационная категория </p>'),
	(17, 2, 'Zhiglo Inna Vladimirovna', '<p>Должность: Преподаватель</p>\r\n<p>Уровень образования: высшее</p>\r\n<p>Первая квалификационная категория </p>'),
	(18, 1, 'Пономарева Татьяна Владимировна', '<p>Должность: Преподаватель</p>\r\n<p>Уровень образования: высшее</p>\r\n<p>Первая квалификационная категория</p>'),
	(18, 2, 'Tatyana Vladimirovna Ponomareva', '<p>Должность: Преподаватель</p>\r\n<p>Уровень образования: высшее</p>\r\n<p>Первая квалификационная категория</p>'),
	(19, 1, 'Рузанкин Евгений Александрович', '<p>Должность: Мастер производственного обучения</p>\r\n<p>Уровень образования: среднее</p>\r\n<p>Без квалификационной категории</p>'),
	(19, 2, 'Ruzankin Evgeny Alexandrovich', '<p>Должность: Мастер производственного обучения</p>\r\n<p>Уровень образования: среднее</p>\r\n<p>Без квалификационной категории</p>'),
	(20, 1, 'Крумм Татьяна Михайловна', '&lt;p&gt;Должность: Преподаватель&lt;/p&gt;\r\n&lt;p&gt;Уровень образования: высшее&lt;/p&gt;\r\n&lt;p&gt;Первая квалификационная категория&lt;/p&gt;'),
	(20, 2, 'Krumm Tatiana Mikhailovna', '&lt;p&gt;Должность: Преподаватель&lt;/p&gt;\r\n&lt;p&gt;Уровень образования: высшее&lt;/p&gt;\r\n&lt;p&gt;Первая квалификационная категория&lt;/p&gt;'),
	(21, 1, 'Моисеева Татьяна Анатольевна', '&lt;p&gt;Должность: Преподаватель&lt;/p&gt;\r\n&lt;p&gt;Уровень образования: высшее&lt;/p&gt;\r\n&lt;p&gt;Первая квалификационная категория&lt;/p&gt;'),
	(21, 2, 'Moiseeva Tatyana Anatolyevna', '&lt;p&gt;Должность: Преподаватель&lt;/p&gt;\r\n&lt;p&gt;Уровень образования: высшее&lt;/p&gt;\r\n&lt;p&gt;Первая квалификационная категория&lt;/p&gt;'),
	(22, 1, 'Обложкина Ирина Михайловна', '<p>Должность: Мастер производственного обучения</p>\r\n<p>Уровень образования: высшее</p>\r\n<p>Без квалификационной категории</p>'),
	(22, 2, 'Oblozhkina Irina Mikhailovna', '<p>Должность: Мастер производственного обучения</p>\r\n<p>Уровень образования: высшее</p>\r\n<p>Без квалификационной категории</p>'),
	(23, 1, 'Лобенко Юлия Владимировна', '<p>Должность: Преподаватель</p>\r\n<p>Уровень образования: высшее</p>\r\n<p>Первая квалификационная категория </p>'),
	(23, 2, 'Lobenko Julia Vladimirovna', '<p>Должность: Преподаватель</p>\r\n<p>Уровень образования: высшее</p>\r\n<p>Первая квалификационная категория </p>'),
	(24, 1, 'Назарко Ирина Владимировна', '<p>Должность: Преподаватель</p>\r\n<p>Уровень образования: высшее</p>\r\n<p>Первая квалификационная категория</p>'),
	(24, 2, 'Nazarko Irina Vladimirovna', '<p>Должность: Преподаватель</p>\r\n<p>Уровень образования: высшее</p>\r\n<p>Первая квалификационная категория</p>'),
	(25, 1, 'Зильбернагель Яна Геннадьевна', '<p>Должность: Преподаватель</p>\r\n<p>Уровень образования: высшее</p>\r\n<p>Высшая квалификационная категория</p>'),
	(25, 2, 'Zilbernagel Yana Gennadievna', '<p>Должность: Преподаватель</p>\r\n<p>Уровень образования: высшее</p>\r\n<p>Высшая квалификационная категория</p>'),
	(26, 1, 'Заворин Алекснадр Александрович', '<p>Должность: Руководитель физического воспитания</p>\r\n<p>Уровень образования: высшее</p>\r\n<p>Высшая квалификационная категория</p> \r\n\r\n'),
	(26, 2, 'Zavoryn Alexandra Alexandrovich', '<p>Должность: Руководитель физического воспитания</p>\r\n<p>Уровень образования: высшее</p>\r\n<p>Высшая квалификационная категория</p> \r\n\r\n'),
	(27, 1, 'Пастухова Ольга Николаевна', '<p>Должность: Преподаватель</p>\r\n<p>Уровень образования: высшее</p>\r\n<p>Высшая квалификационная категория</p>'),
	(27, 2, 'Pastukhova Olga N.', '<p>Должность: Преподаватель</p>\r\n<p>Уровень образования: высшее</p>\r\n<p>Высшая квалификационная категория</p>'),
	(28, 1, 'Плетнева Ольга Федоровна', '<p>Должность: Преподаватель</p>\r\n<p>Уровень образования: высшее</p>\r\n<p>Первая квалификационная категория</p>'),
	(28, 2, 'Pletneva Olga Fedorovna', '<p>Должность: Преподаватель</p>\r\n<p>Уровень образования: высшее</p>\r\n<p>Первая квалификационная категория</p>'),
	(29, 1, 'Волкова Елена Геннадьевна', '<p>Должность: Методист</p>\r\n<p>Уровень образования: высшее</p>\r\n<p>Без квалификационной категории</p>'),
	(29, 2, 'Volkova Elena Gennadievna', '<p>Должность: Методист</p>\r\n<p>Уровень образования: высшее</p>\r\n<p>Без квалификационной категории</p>'),
	(30, 1, 'Сердюк Елена Сергеевна', '<p>Должность: Воспитатель</p>\r\n<p>Уровень образования: высшее</p>\r\n<p>Без квалификационной категории</p>'),
	(30, 2, 'Serdyuk Elena Sergeevna', '<p>Должность: Воспитатель</p>\r\n<p>Уровень образования: высшее</p>\r\n<p>Без квалификационной категории</p>'),
	(31, 1, 'Скрябина Вера Евгеньевна', '<p>Должность: Мастер производственного обучения</p>\r\n<p>Уровень образования: высшее</p>\r\n<p>Первая квалификационная категория</p>'),
	(31, 2, 'Scriabin Vera Evgenevna', '<p>Должность: Мастер производственного обучения</p>\r\n<p>Уровень образования: высшее</p>\r\n<p>Первая квалификационная категория</p>'),
	(32, 1, 'Лактионов Юрий Васильевич', '<p>Должность: Преподаватель</p>\r\n<p>Уровень образования: высшее</p>\r\n<p>Без квалификациооной категории</p>'),
	(32, 2, 'Laktionov Yuri Vasilyevich', '<p>Должность: Преподаватель</p>\r\n<p>Уровень образования: высшее</p>\r\n<p>Без квалификациооной категории</p>'),
	(33, 1, 'Царенко Марина Сергеевна', '&lt;p&gt;Должность: Преподаватель&lt;/p&gt;\r\n&lt;p&gt;Уровень образования: высшее&lt;/p&gt;\r\n&lt;p&gt;Высшая квалификационная категория&lt;/p&gt;'),
	(33, 2, 'Tsarenko Marina Sergeevna', '&lt;p&gt;Должность: Преподаватель&lt;/p&gt;\r\n&lt;p&gt;Уровень образования: высшее&lt;/p&gt;\r\n&lt;p&gt;Высшая квалификационная категория&lt;/p&gt;'),
	(34, 1, 'Кремнёв Евгений Русланович', '&lt;p&gt;Чувак из третьего кабинета, сучки&lt;br&gt;&lt;/p&gt;'),
	(34, 2, 'Kremnev Evgeny Ruslanovich', '&lt;p&gt;Чувак из третьего кабинета, сучки&lt;br&gt;&lt;/p&gt;'),
	(36, 1, 'Сай Екатерина Валерьевна', '&lt;p&gt;Должность: Преподаватель&lt;/p&gt;&lt;p&gt;Уровень образования: высшее&lt;/p&gt;&lt;p&gt;Без квалификационной категории&lt;/p&gt;&lt;p&gt;&lt;br&gt;&lt;/p&gt;'),
	(36, 2, 'Sai Ekaterina Valeryevna', '&lt;p&gt;Должность: Преподаватель&lt;/p&gt;&lt;p&gt;Уровень образования: высшее&lt;/p&gt;&lt;p&gt;Без квалификационной категории&lt;/p&gt;&lt;p&gt;&lt;br&gt;&lt;/p&gt;'),
	(37, 1, 'Савоськина Людмила Ивановна', '&lt;p&gt;Должность: Преподаватель&lt;/p&gt;&lt;p&gt;Уровень образования: высшее&lt;/p&gt;&lt;p&gt;Без квалификационной категории&lt;/p&gt;'),
	(37, 2, 'Savoskina Lyudmila Ivanovna', '&lt;p&gt;Должность: Преподаватель&lt;/p&gt;&lt;p&gt;Уровень образования: высшее&lt;/p&gt;&lt;p&gt;Без квалификационной категории&lt;/p&gt;'),
	(38, 1, 'Парфенова Елена Николаевна', '&lt;p data-mce-style=&quot;margin-bottom: 0.0001pt;&quot;&gt;Должность:Преподаватель&lt;/p&gt;&lt;p data-mce-style=&quot;margin-bottom: 0.0001pt;&quot;&gt;Уровень образования:высшее&lt;/p&gt;&lt;p data-mce-style=&quot;margin-bottom: 0.0001pt;&quot;&gt;Без квалификационной категории&lt;/p&gt;'),
	(38, 2, 'Parfenova Elena Nikolaevna', '&lt;p data-mce-style=&quot;margin-bottom: 0.0001pt;&quot;&gt;Должность:Преподаватель&lt;/p&gt;&lt;p data-mce-style=&quot;margin-bottom: 0.0001pt;&quot;&gt;Уровень образования:высшее&lt;/p&gt;&lt;p data-mce-style=&quot;margin-bottom: 0.0001pt;&quot;&gt;Без квалификационной категории&lt;/p&gt;'),
	(39, 1, 'Немцева Галина Викторовна', '&lt;p&gt;Должность: Преподаватель&lt;/p&gt;&lt;p&gt;Уровень образования: высшее&lt;/p&gt;&lt;p&gt;\r\nВысшая квалификационная категория&lt;br&gt;&lt;/p&gt;'),
	(39, 2, 'Nemtseva Galina Viktorovna', '&lt;p&gt;Должность: Преподаватель&lt;/p&gt;&lt;p&gt;Уровень образования: высшее&lt;/p&gt;&lt;p&gt;\r\nВысшая квалификационная категория&lt;br&gt;&lt;/p&gt;'),
	(40, 1, 'Константинова Татьяна Георгиевна', '&lt;p&gt;Должность: Заведующий заочным отделением&lt;/p&gt;&lt;p&gt;Уровень образования: высшее&lt;/p&gt;&lt;p&gt;Высшая квалификационная категория&lt;/p&gt;'),
	(40, 2, 'Konstantinova Tatyana Georgievna', '&lt;p&gt;Должность: Заведующий заочным отделением&lt;/p&gt;&lt;p&gt;Уровень образования: высшее&lt;/p&gt;&lt;p&gt;Высшая квалификационная категория&lt;/p&gt;'),
	(41, 1, 'Крыгина Роза Михайловна', '&lt;p&gt;Должность: Преподаватель&lt;/p&gt;&lt;p&gt;Уровень образования: высшее&lt;/p&gt;&lt;p&gt;Высшая квалификационная категория&lt;/p&gt;'),
	(41, 2, 'Krygina Roza Mikhaylovna', '&lt;p&gt;Должность: Преподаватель&lt;/p&gt;&lt;p&gt;Уровень образования: высшее&lt;/p&gt;&lt;p&gt;Высшая квалификационная категория&lt;/p&gt;'),
	(42, 1, 'Корченица Людмила Александровна', '&lt;p&gt;Должность: Педагог-дополнительного образования&lt;/p&gt;&lt;p&gt;Уровень образования: высшее&lt;/p&gt;&lt;p&gt;Первая квалификационная категория&lt;/p&gt;'),
	(42, 2, 'Korcenitsa Lyudmila Alexandrovna', '&lt;p&gt;Должность: Педагог-дополнительного образования&lt;/p&gt;&lt;p&gt;Уровень образования: высшее&lt;/p&gt;&lt;p&gt;Первая квалификационная категория&lt;/p&gt;'),
	(43, 1, 'Короткова Вероника Валерьевна', '&lt;p&gt;Должность: Преподаватель&lt;/p&gt;&lt;p&gt;Уровень образования: высшее&lt;/p&gt;&lt;p&gt;Без квалификационной категории&lt;/p&gt;'),
	(43, 2, 'Korotkova Veronika Valerievna', '&lt;p&gt;Должность: Преподаватель&lt;/p&gt;&lt;p&gt;Уровень образования: высшее&lt;/p&gt;&lt;p&gt;Без квалификационной категории&lt;/p&gt;'),
	(44, 1, 'Коновалова Олеся Викторовна', '&lt;p&gt;Должность: Методист&lt;/p&gt;&lt;p&gt;Уровень образования: высшее&lt;/p&gt;&lt;p&gt;Первая квалификационная категория&lt;/p&gt;'),
	(44, 2, 'Konovalova Olesya Viktorovna', '&lt;p&gt;Должность: Методист&lt;/p&gt;&lt;p&gt;Уровень образования: высшее&lt;/p&gt;&lt;p&gt;Первая квалификационная категория&lt;/p&gt;'),
	(45, 1, 'Иконникова Людмила Викторовна', '&lt;p&gt;Должность: Педагог-психолог&lt;/p&gt;&lt;p&gt;Уровень образования: высшее&lt;/p&gt;&lt;p&gt;Без квалификационная категория&lt;/p&gt;'),
	(45, 2, 'Ikonnikova Lyudmila Viktorovna', '&lt;p&gt;Должность: Педагог-психолог&lt;/p&gt;&lt;p&gt;Уровень образования: высшее&lt;/p&gt;&lt;p&gt;Без квалификационная категория&lt;/p&gt;'),
	(46, 1, 'Заварзина Любовь Геннадьевна', '&lt;p&gt;Должность: Преподаватель&amp;nbsp;&lt;/p&gt;&lt;p&gt;Уровень образования:высшее&lt;/p&gt;&lt;p&gt;Высшая квалификационная категория&lt;/p&gt;'),
	(46, 2, 'Zavarzina Lyubov Gennadievna', '&lt;p&gt;Должность: Преподаватель&amp;nbsp;&lt;/p&gt;&lt;p&gt;Уровень образования:высшее&lt;/p&gt;&lt;p&gt;Высшая квалификационная категория&lt;/p&gt;'),
	(47, 1, 'Евдокимова Алена Андреевна', '&lt;p&gt;Должность: Преподаватель&amp;nbsp;&lt;/p&gt;&lt;p&gt;Уровень образования: высшее&lt;/p&gt;&lt;p&gt;Без квалификационной категории&lt;/p&gt;'),
	(47, 2, 'Evdokimova Alena Andreevna', '&lt;p&gt;Должность: Преподаватель&amp;nbsp;&lt;/p&gt;&lt;p&gt;Уровень образования: высшее&lt;/p&gt;&lt;p&gt;Без квалификационной категории&lt;/p&gt;'),
	(48, 1, 'Лузан Светлана Сергеевна', '&lt;p&gt;Должность: Директор колледжа, кандидат педагогических наук&lt;/p&gt;&lt;p&gt;Телефон: 8 (383) 344-49-76&lt;/p&gt;&lt;p&gt;luzanss@mail.ru&lt;/p&gt;&lt;p&gt;Кабинет: 102&lt;/p&gt;&lt;p&gt;Режим работы: Пн-Вт 8.00-17.00&lt;/p&gt;&lt;p&gt;Обед:&amp;nbsp;12.30-13.00&lt;/p&gt;&lt;p&gt;Прием по личным вопросам: Пятница 15.00-17.00&lt;/p&gt;'),
	(48, 2, 'Luzan Svetlana Sergeevna', '&lt;p&gt;Должность: Директор колледжа, кандидат педагогических наук&lt;/p&gt;&lt;p&gt;Телефон: 8 (383) 344-49-76&lt;/p&gt;&lt;p&gt;luzanss@mail.ru&lt;/p&gt;&lt;p&gt;Кабинет: 102&lt;/p&gt;&lt;p&gt;Режим работы: Пн-Вт 8.00-17.00&lt;/p&gt;&lt;p&gt;Обед:&amp;nbsp;12.30-13.00&lt;/p&gt;&lt;p&gt;Прием по личным вопросам: Пятница 15.00-17.00&lt;/p&gt;'),
	(49, 1, 'Селиванова Светлана Александровна', '&lt;p&gt;Должность: Заместитель директора по учебной работе&lt;/p&gt;&lt;p&gt;Телефон: 8 (383) 314-93-58&lt;/p&gt;&lt;p&gt;Эл. почта: ppk54@yandex.ru&lt;/p&gt;'),
	(49, 2, 'Selivanova Svetlana Aleksandrovna', '&lt;p&gt;Должность: Заместитель директора по учебной работе&lt;/p&gt;&lt;p&gt;Телефон: 8 (383) 314-93-58&lt;/p&gt;&lt;p&gt;Эл. почта: ppk54@yandex.ru&lt;/p&gt;'),
	(50, 1, 'Симонова Людмила Владимировна', '&lt;p&gt;Должность: Главный бухгалтер&lt;/p&gt;&lt;p&gt;Телефон: 8 (383) 314-93-58&lt;/p&gt;&lt;p&gt;Эл. почта: ppk54@yandex.ru&lt;/p&gt;&lt;p&gt;&lt;a href=&quot;http://www.nppk54.ru/sites/default/files/%D0%94%D0%BE%D0%BA%D1%83%D0%BC%D0%B5%D0%BD%D1%82%D1%8B/%D0%B1%D1%83%D1%85%D0%B3%D0%B0%D0%BB%D1%82%D0%B5%D1%80%D0%B8%D0%B8.doc&quot; class=&quot;btn btn-link&quot;&gt;Положение о бухгалтерии&lt;/a&gt;&lt;br&gt;&lt;/p&gt;'),
	(50, 2, 'Simonova Lyudmila Vladimirovna', '&lt;p&gt;Должность: Главный бухгалтер&lt;/p&gt;&lt;p&gt;Телефон: 8 (383) 314-93-58&lt;/p&gt;&lt;p&gt;Эл. почта: ppk54@yandex.ru&lt;/p&gt;&lt;p&gt;&lt;a href=&quot;http://www.nppk54.ru/sites/default/files/%D0%94%D0%BE%D0%BA%D1%83%D0%BC%D0%B5%D0%BD%D1%82%D1%8B/%D0%B1%D1%83%D1%85%D0%B3%D0%B0%D0%BB%D1%82%D0%B5%D1%80%D0%B8%D0%B8.doc&quot; class=&quot;btn btn-link&quot;&gt;Положение о бухгалтерии&lt;/a&gt;&lt;br&gt;&lt;/p&gt;'),
	(52, 1, 'Авдеев Андрей Сергеевич', '&lt;p data-mce-style=&quot;margin-bottom: 0.0001pt;&quot;&gt;Должность: Преподаватель&lt;/p&gt;&lt;p data-mce-style=&quot;margin-bottom: 0.0001pt;&quot;&gt;Уровень образования:высшее&lt;/p&gt;&lt;p data-mce-style=&quot;margin-bottom: 0.0001pt;&quot;&gt;Первая квалификационная категория&lt;/p&gt;&lt;p&gt;&lt;br&gt;&lt;/p&gt;'),
	(52, 2, 'Avdeev Andrey Sergeevich', '&lt;p data-mce-style=&quot;margin-bottom: 0.0001pt;&quot;&gt;Должность: Преподаватель&lt;/p&gt;&lt;p data-mce-style=&quot;margin-bottom: 0.0001pt;&quot;&gt;Уровень образования:высшее&lt;/p&gt;&lt;p data-mce-style=&quot;margin-bottom: 0.0001pt;&quot;&gt;Первая квалификационная категория&lt;/p&gt;&lt;p&gt;&lt;br&gt;&lt;/p&gt;'),
	(53, 1, 'Белина Светлана Владимировна', '<p>Должность: Заместитель директора по учебной работе</p>\r\n<p>телефон: 8(383) 314-93-58</p>\r\n<p>ppk54@yandex.ru</p>'),
	(53, 2, 'Belina Svetlana Vladimirovna', '<p>Position: Deputy Director for Academic Affairs</p>\r\n<p>phone: 8 (383) 314-93-58</p>\r\n<p>ppk54@yandex.ru</p>'),
	(54, 2, 'Bezheimer Andrey Viktorovich', '<p>Position: Deputy Director for General Affairs</p>\r\n<p>phone: 8 (383) 314 93 54</p>\r\n<p>dsr08@mail.ru</p>'),
	(54, 1, 'Безгеймер Андрей Викторович', '<p>Должность: Заместитель директора по общим вопросам</p>\r\n<p>телефон: 8(383) 314 93 54</p>\r\n<p>dsr08@mail.ru</p>');
/*!40000 ALTER TABLE `teachers_description` ENABLE KEYS */;

-- Дамп структуры для таблица yii_nppk_advanced.teachers_group
CREATE TABLE IF NOT EXISTS `teachers_group` (
  `id` int(11) NOT NULL AUTO_INCREMENT,
  `slug` varchar(255) NOT NULL,
  `sort_order` int(3) NOT NULL DEFAULT '0',
  `published` tinyint(1) NOT NULL DEFAULT '1',
  `created_by` int(11) DEFAULT NULL,
  `updated_by` int(11) DEFAULT NULL,
  `created_at` int(11) NOT NULL,
  `updated_at` int(11) NOT NULL,
  PRIMARY KEY (`id`),
  UNIQUE KEY `slug` (`slug`),
  KEY `FK_teachers_group_users_created` (`created_by`),
  KEY `FK_teachers_group_users_updated` (`updated_by`),
  CONSTRAINT `FK_teachers_group_users_created` FOREIGN KEY (`created_by`) REFERENCES `users` (`id`) ON DELETE SET NULL ON UPDATE CASCADE,
  CONSTRAINT `FK_teachers_group_users_updated` FOREIGN KEY (`updated_by`) REFERENCES `users` (`id`) ON DELETE SET NULL ON UPDATE CASCADE
) ENGINE=InnoDB AUTO_INCREMENT=3 DEFAULT CHARSET=utf8;

-- Дамп данных таблицы yii_nppk_advanced.teachers_group: ~2 rows (приблизительно)
/*!40000 ALTER TABLE `teachers_group` DISABLE KEYS */;
INSERT INTO `teachers_group` (`id`, `slug`, `sort_order`, `published`, `created_by`, `updated_by`, `created_at`, `updated_at`) VALUES
	(1, 'administration', 1000, 1, 1, 1, 0, 0),
	(2, 'teachers', 2000, 1, 1, 1, 0, 0);
/*!40000 ALTER TABLE `teachers_group` ENABLE KEYS */;

-- Дамп структуры для таблица yii_nppk_advanced.teachers_group_description
CREATE TABLE IF NOT EXISTS `teachers_group_description` (
  `teacher_group_id` int(11) NOT NULL,
  `language_id` int(11) NOT NULL,
  `name` varchar(255) DEFAULT NULL,
  KEY `FK_teachers_group_description_teachers_group` (`teacher_group_id`),
  KEY `FK_teachers_group_description_languages` (`language_id`),
  CONSTRAINT `FK_teachers_group_description_languages` FOREIGN KEY (`language_id`) REFERENCES `languages` (`id`) ON DELETE CASCADE ON UPDATE CASCADE,
  CONSTRAINT `FK_teachers_group_description_teachers_group` FOREIGN KEY (`teacher_group_id`) REFERENCES `teachers_group` (`id`) ON DELETE CASCADE ON UPDATE CASCADE
) ENGINE=InnoDB DEFAULT CHARSET=utf8;

-- Дамп данных таблицы yii_nppk_advanced.teachers_group_description: ~4 rows (приблизительно)
/*!40000 ALTER TABLE `teachers_group_description` DISABLE KEYS */;
INSERT INTO `teachers_group_description` (`teacher_group_id`, `language_id`, `name`) VALUES
	(1, 1, 'Администрация'),
	(1, 2, 'Administration'),
	(2, 1, 'Преподаватели'),
	(2, 2, 'Teachers');
/*!40000 ALTER TABLE `teachers_group_description` ENABLE KEYS */;

-- Дамп структуры для таблица yii_nppk_advanced.timetables
CREATE TABLE IF NOT EXISTS `timetables` (
  `id` int(11) NOT NULL AUTO_INCREMENT,
  `date` date NOT NULL,
  `group_id` int(11) NOT NULL,
  `created_by` int(11) DEFAULT NULL,
  `updated_by` int(11) DEFAULT NULL,
  `created_at` int(11) NOT NULL,
  `updated_at` int(11) NOT NULL,
  PRIMARY KEY (`id`),
  KEY `FK_timetables_groups` (`group_id`),
  KEY `FK_timetables_users_updated` (`updated_by`),
  KEY `FK_timetables_users_created` (`created_by`),
  CONSTRAINT `FK_timetables_groups` FOREIGN KEY (`group_id`) REFERENCES `groups` (`id`) ON DELETE CASCADE ON UPDATE CASCADE,
  CONSTRAINT `FK_timetables_users_created` FOREIGN KEY (`created_by`) REFERENCES `users` (`id`) ON DELETE SET NULL ON UPDATE CASCADE,
  CONSTRAINT `FK_timetables_users_updated` FOREIGN KEY (`updated_by`) REFERENCES `users` (`id`) ON DELETE SET NULL ON UPDATE CASCADE
) ENGINE=InnoDB DEFAULT CHARSET=utf8;

-- Дамп данных таблицы yii_nppk_advanced.timetables: ~0 rows (приблизительно)
/*!40000 ALTER TABLE `timetables` DISABLE KEYS */;
/*!40000 ALTER TABLE `timetables` ENABLE KEYS */;

-- Дамп структуры для таблица yii_nppk_advanced.timetables_lesson
CREATE TABLE IF NOT EXISTS `timetables_lesson` (
  `id` int(11) NOT NULL AUTO_INCREMENT,
  `timetable_id` int(11) NOT NULL,
  `lesson_id` int(11) NOT NULL,
  `room_id` int(11) NOT NULL,
  `sort_order` int(3) NOT NULL DEFAULT '0',
  PRIMARY KEY (`id`),
  KEY `FK_timetables_lesson_timetables` (`timetable_id`),
  KEY `FK_timetables_lesson_lessons` (`lesson_id`),
  KEY `FK_timetables_lesson_rooms` (`room_id`),
  CONSTRAINT `FK_timetables_lesson_lessons` FOREIGN KEY (`lesson_id`) REFERENCES `lessons` (`id`) ON DELETE CASCADE ON UPDATE CASCADE,
  CONSTRAINT `FK_timetables_lesson_rooms` FOREIGN KEY (`room_id`) REFERENCES `rooms` (`id`) ON DELETE CASCADE ON UPDATE CASCADE,
  CONSTRAINT `FK_timetables_lesson_timetables` FOREIGN KEY (`timetable_id`) REFERENCES `timetables` (`id`) ON DELETE CASCADE ON UPDATE CASCADE
) ENGINE=InnoDB DEFAULT CHARSET=utf8;

-- Дамп данных таблицы yii_nppk_advanced.timetables_lesson: ~0 rows (приблизительно)
/*!40000 ALTER TABLE `timetables_lesson` DISABLE KEYS */;
/*!40000 ALTER TABLE `timetables_lesson` ENABLE KEYS */;

-- Дамп структуры для таблица yii_nppk_advanced.users
CREATE TABLE IF NOT EXISTS `users` (
  `id` int(11) NOT NULL AUTO_INCREMENT,
  `username` varchar(255) COLLATE utf8_unicode_ci NOT NULL,
  `auth_key` varchar(32) COLLATE utf8_unicode_ci NOT NULL,
  `password_hash` varchar(255) COLLATE utf8_unicode_ci NOT NULL,
  `password_reset_token` varchar(255) COLLATE utf8_unicode_ci DEFAULT NULL,
  `email` varchar(255) COLLATE utf8_unicode_ci NOT NULL,
  `first_name` varchar(64) COLLATE utf8_unicode_ci DEFAULT NULL,
  `last_name` varchar(64) COLLATE utf8_unicode_ci DEFAULT NULL,
  `status` smallint(6) NOT NULL DEFAULT '10',
  `user_group_id` int(11) DEFAULT NULL,
  `user_permission_id` int(11) DEFAULT NULL,
  `created_at` int(11) NOT NULL,
  `updated_at` int(11) NOT NULL,
  PRIMARY KEY (`id`),
  UNIQUE KEY `username` (`username`),
  UNIQUE KEY `email` (`email`),
  UNIQUE KEY `password_reset_token` (`password_reset_token`),
  KEY `FK_users_users_group` (`user_group_id`),
  KEY `FK_users_users_permission` (`user_permission_id`),
  CONSTRAINT `FK_users_users_group` FOREIGN KEY (`user_group_id`) REFERENCES `users_group` (`id`) ON DELETE SET NULL ON UPDATE CASCADE,
  CONSTRAINT `FK_users_users_permission` FOREIGN KEY (`user_permission_id`) REFERENCES `users_permission` (`id`) ON DELETE SET NULL ON UPDATE CASCADE
) ENGINE=InnoDB AUTO_INCREMENT=2 DEFAULT CHARSET=utf8 COLLATE=utf8_unicode_ci;

-- Дамп данных таблицы yii_nppk_advanced.users: ~1 rows (приблизительно)
/*!40000 ALTER TABLE `users` DISABLE KEYS */;
INSERT INTO `users` (`id`, `username`, `auth_key`, `password_hash`, `password_reset_token`, `email`, `first_name`, `last_name`, `status`, `user_group_id`, `user_permission_id`, `created_at`, `updated_at`) VALUES
	(1, 'admin', '299v5ZuUC8pEuutIiMZWcx4o3bQwP3jW', '$2y$13$mdPzIjveSaiTtoRywvpJVuMOVKXelTTu2bg0/iPwFFanmMxC.JXTa', NULL, 'admin@localhost', 'Super', 'Administrator', 10, 1, NULL, 0, 0);
/*!40000 ALTER TABLE `users` ENABLE KEYS */;

-- Дамп структуры для таблица yii_nppk_advanced.users_group
CREATE TABLE IF NOT EXISTS `users_group` (
  `id` int(11) NOT NULL AUTO_INCREMENT,
  `name` varchar(255) NOT NULL,
  `sort_order` int(11) NOT NULL DEFAULT '0',
  `published` tinyint(1) NOT NULL DEFAULT '1',
  `created_by` int(11) DEFAULT NULL,
  `updated_by` int(11) DEFAULT NULL,
  `created_at` int(11) NOT NULL,
  `updated_at` int(11) NOT NULL,
  PRIMARY KEY (`id`),
  KEY `FK_users_group_users_created` (`created_by`),
  KEY `FK_users_group_users_updated` (`updated_by`),
  CONSTRAINT `FK_users_group_users_created` FOREIGN KEY (`created_by`) REFERENCES `users` (`id`) ON DELETE SET NULL ON UPDATE CASCADE,
  CONSTRAINT `FK_users_group_users_updated` FOREIGN KEY (`updated_by`) REFERENCES `users` (`id`) ON DELETE SET NULL ON UPDATE CASCADE
) ENGINE=InnoDB AUTO_INCREMENT=4 DEFAULT CHARSET=utf8;

-- Дамп данных таблицы yii_nppk_advanced.users_group: ~3 rows (приблизительно)
/*!40000 ALTER TABLE `users_group` DISABLE KEYS */;
INSERT INTO `users_group` (`id`, `name`, `sort_order`, `published`, `created_by`, `updated_by`, `created_at`, `updated_at`) VALUES
	(1, 'Администратор', 10, 1, 1, NULL, 0, 0),
	(2, 'Редактор', 11, 1, 1, NULL, 0, 0),
	(3, 'Редактор расписания', 12, 1, 1, NULL, 0, 0);
/*!40000 ALTER TABLE `users_group` ENABLE KEYS */;

-- Дамп структуры для таблица yii_nppk_advanced.users_permission
CREATE TABLE IF NOT EXISTS `users_permission` (
  `id` int(11) NOT NULL AUTO_INCREMENT,
  `blogs` tinyint(1) NOT NULL DEFAULT '0',
  `teachers` tinyint(1) NOT NULL DEFAULT '0',
  `images` tinyint(1) NOT NULL DEFAULT '0',
  `timetable` tinyint(1) NOT NULL DEFAULT '0',
  `lessons` tinyint(1) NOT NULL DEFAULT '0',
  `groups` tinyint(1) NOT NULL DEFAULT '0',
  `rooms` tinyint(1) NOT NULL DEFAULT '0',
  `users` tinyint(1) NOT NULL DEFAULT '0',
  `languages` tinyint(1) NOT NULL DEFAULT '0',
  `settings` tinyint(1) NOT NULL DEFAULT '0',
  PRIMARY KEY (`id`)
) ENGINE=InnoDB AUTO_INCREMENT=3 DEFAULT CHARSET=utf8;

-- Дамп данных таблицы yii_nppk_advanced.users_permission: ~2 rows (приблизительно)
/*!40000 ALTER TABLE `users_permission` DISABLE KEYS */;
INSERT INTO `users_permission` (`id`, `blogs`, `teachers`, `images`, `timetable`, `lessons`, `groups`, `rooms`, `users`, `languages`, `settings`) VALUES
	(1, 1, 1, 1, 1, 1, 1, 1, 1, 1, 1),
	(2, 0, 0, 0, 1, 1, 1, 0, 0, 0, 0);
/*!40000 ALTER TABLE `users_permission` ENABLE KEYS */;

/*!40101 SET SQL_MODE=IFNULL(@OLD_SQL_MODE, '') */;
/*!40014 SET FOREIGN_KEY_CHECKS=IF(@OLD_FOREIGN_KEY_CHECKS IS NULL, 1, @OLD_FOREIGN_KEY_CHECKS) */;
/*!40101 SET CHARACTER_SET_CLIENT=@OLD_CHARACTER_SET_CLIENT */;
